split,method,inner_macro_f1,outer_macro_f1,inner_minus_outer,inner_candidates,params,model__C,model__gamma,model__alpha,model__hidden_layer_sizes,model__learning_rate_init,model__n_centers,model__width
0,svm,0.8431481668642323,0.8597943722943724,-0.01664620543014006,20,"{""model__C"": 100, ""model__gamma"": 0.01}",100,0.01,,,,,
0,mlp,0.7542681557752006,0.7092834960070986,0.04498465976810195,12,"{""model__alpha"": 0.0001, ""model__hidden_layer_sizes"": [16], ""model__learning_rate_init"": 0.01}",,,0.0001,[16],0.01,,
0,rbf,0.7379107522478167,0.7475694444444444,-0.009658692196627738,18,"{""model__alpha"": 0.001, ""model__n_centers"": 32, ""model__width"": 1}",,,0.001,,,32,1
0,svm_linear,0.8092509688168402,0.8021978021978022,0.007053166619037987,4,"{""model__C"": 100}",100,,,,,,
0,svm_unscaled,0.7454149746568591,0.7119380140241025,0.033476960632756625,20,"{""model__C"": 100, ""model__gamma"": ""scale""}",100,scale,,,,,
1,svm,0.8362791372501143,0.7856029856928317,0.050676151557282556,20,"{""model__C"": 100, ""model__gamma"": 0.01}",100,0.01,,,,,
1,mlp,0.7912354168213728,0.7989479512735327,-0.007712534452159914,12,"{""model__alpha"": 0.0001, ""model__hidden_layer_sizes"": [32, 16], ""model__learning_rate_init"": 0.01}",,,0.0001,"[32, 16]",0.01,,
1,rbf,0.7147767392971235,0.7411887909865665,-0.02641205168944305,18,"{""model__alpha"": 0.001, ""model__n_centers"": 32, ""model__width"": 1}",,,0.001,,,32,1
1,svm_linear,0.7973123273043324,0.7308635131805864,0.06644881412374604,4,"{""model__C"": 10}",10,,,,,,
1,svm_unscaled,0.7481365287003066,0.7639817290552585,-0.01584520035495196,20,"{""model__C"": 100, ""model__gamma"": ""scale""}",100,scale,,,,,
2,svm,0.84943463048113,0.8939024390243903,-0.04446780854326027,20,"{""model__C"": 100, ""model__gamma"": 0.01}",100,0.01,,,,,
2,mlp,0.7523329469449778,0.8478896103896103,-0.09555666344463254,12,"{""model__alpha"": 0.01, ""model__hidden_layer_sizes"": [32], ""model__learning_rate_init"": 0.01}",,,0.01,[32],0.01,,
2,rbf,0.7337397254365758,0.7443344878772884,-0.010594762440712557,18,"{""model__alpha"": 0.001, ""model__n_centers"": 32, ""model__width"": 1}",,,0.001,,,32,1
2,svm_linear,0.810209106201458,0.812421679197995,-0.002212572996536988,4,"{""model__C"": 10}",10,,,,,,
2,svm_unscaled,0.7459084732863787,0.8199565135186235,-0.07404804023224487,20,"{""model__C"": 100, ""model__gamma"": ""scale""}",100,scale,,,,,
3,svm,0.8557117948352474,0.8211760461760462,0.03453574865920117,20,"{""model__C"": 100, ""model__gamma"": 0.01}",100,0.01,,,,,
3,mlp,0.815809629661938,0.7957042408261921,0.020105388835745974,12,"{""model__alpha"": 0.01, ""model__hidden_layer_sizes"": [32, 16], ""model__learning_rate_init"": 0.01}",,,0.01,"[32, 16]",0.01,,
3,rbf,0.7465866498029232,0.6757852077001013,0.07080144210282191,18,"{""model__alpha"": 0.001, ""model__n_centers"": 32, ""model__width"": 1}",,,0.001,,,32,1
3,svm_linear,0.8125233132312312,0.773223839741197,0.039299473490034154,4,"{""model__C"": 10}",10,,,,,,
3,svm_unscaled,0.769954007780037,0.7161330187619368,0.053820989018100174,20,"{""model__C"": 100, ""model__gamma"": ""scale""}",100,scale,,,,,
4,svm,0.8315862964050769,0.8286848810104623,0.002901415394614526,20,"{""model__C"": 100, ""model__gamma"": 0.01}",100,0.01,,,,,
4,mlp,0.7969077555153661,0.7306784402867634,0.06622931522860265,12,"{""model__alpha"": 0.01, ""model__hidden_layer_sizes"": [32], ""model__learning_rate_init"": 0.01}",,,0.01,[32],0.01,,
4,rbf,0.7147234542935845,0.7316805534890641,-0.016957099195479608,18,"{""model__alpha"": 0.001, ""model__n_centers"": 32, ""model__width"": 1}",,,0.001,,,32,1
4,svm_linear,0.7910297795248308,0.8045035068290882,-0.013473727304257443,4,"{""model__C"": 1}",1,,,,,,
4,svm_unscaled,0.7477285858034299,0.699047619047619,0.048680966755810906,20,"{""model__C"": 100, ""model__gamma"": ""scale""}",100,scale,,,,,
5,svm,0.8537570317403824,0.826887649195641,0.02686938254474147,20,"{""model__C"": 100, ""model__gamma"": 0.01}",100,0.01,,,,,
5,mlp,0.7984146270493728,0.7448202959830866,0.053594331066286194,12,"{""model__alpha"": 0.01, ""model__hidden_layer_sizes"": [32, 16], ""model__learning_rate_init"": 0.01}",,,0.01,"[32, 16]",0.01,,
5,rbf,0.7442190492219268,0.6910615979764916,0.05315745124543525,18,"{""model__alpha"": 0.001, ""model__n_centers"": 32, ""model__width"": 1}",,,0.001,,,32,1
5,svm_linear,0.793430949060446,0.7738266814486328,0.01960426761181322,4,"{""model__C"": 10}",10,,,,,,
5,svm_unscaled,0.7580858149845934,0.7587121212121213,-0.0006263062275279063,20,"{""model__C"": 100, ""model__gamma"": ""scale""}",100,scale,,,,,
6,svm,0.8356769103734274,0.8799279294800012,-0.04425101910657381,20,"{""model__C"": 100, ""model__gamma"": 0.01}",100,0.01,,,,,
6,mlp,0.7617557037350119,0.7688346883468834,-0.007078984611871508,12,"{""model__alpha"": 0.0001, ""model__hidden_layer_sizes"": [32], ""model__learning_rate_init"": 0.01}",,,0.0001,[32],0.01,,
6,rbf,0.7332615973905651,0.7438917734436736,-0.010630176053108564,18,"{""model__alpha"": 0.001, ""model__n_centers"": 32, ""model__width"": 1}",,,0.001,,,32,1
6,svm_linear,0.8077283814136649,0.791259449770088,0.01646893164357688,4,"{""model__C"": 10}",10,,,,,,
6,svm_unscaled,0.7705067791689061,0.7469345492727697,0.023572229896136387,20,"{""model__C"": 100, ""model__gamma"": ""scale""}",100,scale,,,,,
7,svm,0.839670233250699,0.833675382588426,0.00599485066227301,20,"{""model__C"": 100, ""model__gamma"": 0.01}",100,0.01,,,,,
7,mlp,0.7769478878883959,0.819149589628313,-0.04220170173991711,12,"{""model__alpha"": 0.0001, ""model__hidden_layer_sizes"": [32, 16], ""model__learning_rate_init"": 0.01}",,,0.0001,"[32, 16]",0.01,,
7,rbf,0.7267960763143756,0.7572795421632631,-0.030483465848887503,18,"{""model__alpha"": 0.001, ""model__n_centers"": 32, ""model__width"": 1}",,,0.001,,,32,1
7,svm_linear,0.792900608183265,0.8177781041911476,-0.024877496007882582,4,"{""model__C"": 1}",1,,,,,,
7,svm_unscaled,0.7562333286590432,0.8047535690667911,-0.04852024040774783,20,"{""model__C"": 100, ""model__gamma"": ""scale""}",100,scale,,,,,
8,svm,0.8402355897686707,0.8396464646464648,0.0005891251222059912,20,"{""model__C"": 100, ""model__gamma"": ""scale""}",100,scale,,,,,
8,mlp,0.7788001529345243,0.8172884515673486,-0.038488298632824325,12,"{""model__alpha"": 0.01, ""model__hidden_layer_sizes"": [32, 16], ""model__learning_rate_init"": 0.01}",,,0.01,"[32, 16]",0.01,,
8,rbf,0.7539822392831997,0.7391780363216157,0.014804202961584023,18,"{""model__alpha"": 0.001, ""model__n_centers"": 32, ""model__width"": 1}",,,0.001,,,32,1
8,svm_linear,0.7993333510417234,0.8306804983634252,-0.03134714732170174,4,"{""model__C"": 1}",1,,,,,,
8,svm_unscaled,0.7526603875779931,0.7461612662998116,0.00649912127818153,20,"{""model__C"": 100, ""model__gamma"": ""scale""}",100,scale,,,,,
9,svm,0.841775364520208,0.8234355752648436,0.01833978925536439,20,"{""model__C"": 100, ""model__gamma"": 0.01}",100,0.01,,,,,
9,mlp,0.7494163645034349,0.8597826086956522,-0.1103662441922173,12,"{""model__alpha"": 0.01, ""model__hidden_layer_sizes"": [32, 16], ""model__learning_rate_init"": 0.01}",,,0.01,"[32, 16]",0.01,,
9,rbf,0.7158637013474775,0.718188894654904,-0.002325193307426532,18,"{""model__alpha"": 0.001, ""model__n_centers"": 32, ""model__width"": 1}",,,0.001,,,32,1
9,svm_linear,0.791902881782037,0.818384514036688,-0.026481632254650944,4,"{""model__C"": 10}",10,,,,,,
9,svm_unscaled,0.740584421773492,0.7713829690700267,-0.03079854729653464,20,"{""model__C"": 100, ""model__gamma"": ""scale""}",100,scale,,,,,
10,svm,0.8503560001318278,0.8603896103896105,-0.01003361025778271,20,"{""model__C"": 100, ""model__gamma"": 0.01}",100,0.01,,,,,
10,mlp,0.7963286055728036,0.7841591033080395,0.012169502264764098,12,"{""model__alpha"": 0.01, ""model__hidden_layer_sizes"": [32], ""model__learning_rate_init"": 0.01}",,,0.01,[32],0.01,,
10,rbf,0.7311633301300765,0.7307437046113004,0.0004196255187760567,18,"{""model__alpha"": 0.001, ""model__n_centers"": 32, ""model__width"": 1}",,,0.001,,,32,1
10,svm_linear,0.8116077714967203,0.7493993993993995,0.062208372097320774,4,"{""model__C"": 100}",100,,,,,,
10,svm_unscaled,0.7642411835792651,0.7743577075098814,-0.01011652393061635,20,"{""model__C"": 100, ""model__gamma"": ""scale""}",100,scale,,,,,
11,svm,0.8406526932215688,0.8580530918945553,-0.017400398672986483,20,"{""model__C"": 100, ""model__gamma"": 0.01}",100,0.01,,,,,
11,mlp,0.7618319724142755,0.7819577624936573,-0.020125790079381867,12,"{""model__alpha"": 0.01, ""model__hidden_layer_sizes"": [32], ""model__learning_rate_init"": 0.01}",,,0.01,[32],0.01,,
11,rbf,0.7088586160717039,0.7286725501011215,-0.019813934029417668,18,"{""model__alpha"": 0.001, ""model__n_centers"": 32, ""model__width"": 1}",,,0.001,,,32,1
11,svm_linear,0.8140141547083004,0.762506781918173,0.051507372790127404,4,"{""model__C"": 10}",10,,,,,,
11,svm_unscaled,0.7608719448821015,0.7066905316905318,0.05418141319156977,20,"{""model__C"": 100, ""model__gamma"": ""scale""}",100,scale,,,,,
12,svm,0.8388776322063046,0.821188630490956,0.017689001715348596,20,"{""model__C"": 100, ""model__gamma"": 0.01}",100,0.01,,,,,
12,mlp,0.7675287700446763,0.7673473869126043,0.00018138313207205492,12,"{""model__alpha"": 0.01, ""model__hidden_layer_sizes"": [16], ""model__learning_rate_init"": 0.01}",,,0.01,[16],0.01,,
12,rbf,0.72760590348623,0.7313880941840003,-0.0037821906977703046,18,"{""model__alpha"": 0.001, ""model__n_centers"": 32, ""model__width"": 1}",,,0.001,,,32,1
12,svm_linear,0.8008778761078558,0.7958566296626421,0.005021246445213623,4,"{""model__C"": 10}",10,,,,,,
12,svm_unscaled,0.7491566929186455,0.7430862680862681,0.006070424832377408,20,"{""model__C"": 100, ""model__gamma"": ""scale""}",100,scale,,,,,
13,svm,0.8340146540804094,0.8698579261540124,-0.03584327207360294,20,"{""model__C"": 100, ""model__gamma"": 0.01}",100,0.01,,,,,
13,mlp,0.7372065628157334,0.8106984478935698,-0.07349188507783644,12,"{""model__alpha"": 0.0001, ""model__hidden_layer_sizes"": [32], ""model__learning_rate_init"": 0.01}",,,0.0001,[32],0.01,,
13,rbf,0.7237606204704432,0.7821507760532151,-0.05839015558277194,18,"{""model__alpha"": 0.001, ""model__n_centers"": 32, ""model__width"": 1}",,,0.001,,,32,1
13,svm_linear,0.7894041279524289,0.8484143763213531,-0.05901024836892421,4,"{""model__C"": 1}",1,,,,,,
13,svm_unscaled,0.736993753367398,0.7861788617886178,-0.049185108421219814,20,"{""model__C"": 100, ""model__gamma"": ""scale""}",100,scale,,,,,
14,svm,0.8325124953447458,0.8249746707193515,0.007537824625394318,20,"{""model__C"": 100, ""model__gamma"": 0.01}",100,0.01,,,,,
14,mlp,0.7578263070751035,0.7884615384615384,-0.03063523138643498,12,"{""model__alpha"": 0.01, ""model__hidden_layer_sizes"": [16], ""model__learning_rate_init"": 0.01}",,,0.01,[16],0.01,,
14,rbf,0.7247623891913377,0.7130248273186447,0.011737561872693036,18,"{""model__alpha"": 0.001, ""model__n_centers"": 32, ""model__width"": 1}",,,0.001,,,32,1
14,svm_linear,0.794444579126878,0.7397269397269397,0.054717639399938345,4,"{""model__C"": 10}",10,,,,,,
14,svm_unscaled,0.753821320468726,0.7178244051320317,0.035996915336694246,20,"{""model__C"": 100, ""model__gamma"": ""scale""}",100,scale,,,,,
15,svm,0.8400031168879531,0.8400012604777211,1.85641023209282e-06,20,"{""model__C"": 100, ""model__gamma"": 0.01}",100,0.01,,,,,
15,mlp,0.7911263244685293,0.7037124060150375,0.08741391845349178,12,"{""model__alpha"": 0.01, ""model__hidden_layer_sizes"": [32], ""model__learning_rate_init"": 0.01}",,,0.01,[32],0.01,,
15,rbf,0.7155606061983434,0.7159122278687495,-0.00035162167040614367,18,"{""model__alpha"": 0.001, ""model__n_centers"": 32, ""model__width"": 1}",,,0.001,,,32,1
15,svm_linear,0.8086462254830178,0.7946220446220447,0.014024180860973123,4,"{""model__C"": 10}",10,,,,,,
15,svm_unscaled,0.7379502849927482,0.7525978220745664,-0.014647537081818207,20,"{""model__C"": 100, ""model__gamma"": ""scale""}",100,scale,,,,,
16,svm,0.8473014200005725,0.8434430959142127,0.0038583240863597768,20,"{""model__C"": 100, ""model__gamma"": 0.01}",100,0.01,,,,,
16,mlp,0.7702943056541443,0.718188894654904,0.052105410999240265,12,"{""model__alpha"": 0.0001, ""model__hidden_layer_sizes"": [32], ""model__learning_rate_init"": 0.01}",,,0.0001,[32],0.01,,
16,rbf,0.7326620074910993,0.6901371977206153,0.04252480977048401,18,"{""model__alpha"": 0.001, ""model__n_centers"": 32, ""model__width"": 1}",,,0.001,,,32,1
16,svm_linear,0.7990843963425294,0.8282868234087746,-0.029202427066245207,4,"{""model__C"": 10}",10,,,,,,
16,svm_unscaled,0.7583329525020817,0.7496808523097704,0.008652100192311218,20,"{""model__C"": 100, ""model__gamma"": ""scale""}",100,scale,,,,,
17,svm,0.8323968958127368,0.8786549707602339,-0.04625807494749712,20,"{""model__C"": 100, ""model__gamma"": ""scale""}",100,scale,,,,,
17,mlp,0.7670862768209081,0.7043624862773799,0.06272379054352828,12,"{""model__alpha"": 0.01, ""model__hidden_layer_sizes"": [32, 16], ""model__learning_rate_init"": 0.01}",,,0.01,"[32, 16]",0.01,,
17,rbf,0.7092284813469382,0.7630556648308419,-0.053827183483903696,18,"{""model__alpha"": 0.001, ""model__n_centers"": 32, ""model__width"": 1}",,,0.001,,,32,1
17,svm_linear,0.7880040613549351,0.7891560132059281,-0.0011519518509930382,4,"{""model__C"": 10}",10,,,,,,
17,svm_unscaled,0.7509172722585873,0.7613717457380732,-0.010454473479485915,20,"{""model__C"": 100, ""model__gamma"": ""scale""}",100,scale,,,,,
18,svm,0.8517902276608915,0.7719171072829609,0.0798731203779306,20,"{""model__C"": 100, ""model__gamma"": 0.01}",100,0.01,,,,,
18,mlp,0.7636778048615795,0.7831268712141499,-0.019449066352570377,12,"{""model__alpha"": 0.0001, ""model__hidden_layer_sizes"": [32, 16], ""model__learning_rate_init"": 0.01}",,,0.0001,"[32, 16]",0.01,,
18,rbf,0.7485723036365679,0.688967531738007,0.05960477189856095,18,"{""model__alpha"": 0.001, ""model__n_centers"": 32, ""model__width"": 1}",,,0.001,,,32,1
18,svm_linear,0.8162124060849333,0.7695887445887446,0.046623661496188684,4,"{""model__C"": 10}",10,,,,,,
18,svm_unscaled,0.7429330858541071,0.790311273773432,-0.04737818791932491,20,"{""model__C"": 100, ""model__gamma"": ""scale""}",100,scale,,,,,
19,svm,0.8333805484652839,0.8718022769073414,-0.03842172844205749,20,"{""model__C"": 100, ""model__gamma"": 0.01}",100,0.01,,,,,
19,mlp,0.7830594579581992,0.81982101216361,-0.03676155420541083,12,"{""model__alpha"": 0.0001, ""model__hidden_layer_sizes"": [32], ""model__learning_rate_init"": 0.01}",,,0.0001,[32],0.01,,
19,rbf,0.7174173534234514,0.7249325442593273,-0.007515190835875929,18,"{""model__alpha"": 0.001, ""model__n_centers"": 32, ""model__width"": 1}",,,0.001,,,32,1
19,svm_linear,0.7925541436703994,0.8133571854502087,-0.020803041779809295,4,"{""model__C"": 10}",10,,,,,,
19,svm_unscaled,0.7349953353813177,0.706158896183376,0.028836439197941655,20,"{""model__C"": 100, ""model__gamma"": ""scale""}",100,scale,,,,,
20,svm,0.8325708483674342,0.7882571534745448,0.04431369489288939,20,"{""model__C"": 100, ""model__gamma"": 0.01}",100,0.01,,,,,
20,mlp,0.7804894428076359,0.8116937974080831,-0.031204354600447237,12,"{""model__alpha"": 0.01, ""model__hidden_layer_sizes"": [32, 16], ""model__learning_rate_init"": 0.01}",,,0.01,"[32, 16]",0.01,,
20,rbf,0.7473846908791097,0.698311184939092,0.0490735059400178,18,"{""model__alpha"": 0.001, ""model__n_centers"": 32, ""model__width"": 1}",,,0.001,,,32,1
20,svm_linear,0.8100050611940152,0.720855694692904,0.08914936650111116,4,"{""model__C"": 100}",100,,,,,,
20,svm_unscaled,0.7672677549106204,0.6925659029317566,0.07470185197886381,20,"{""model__C"": 100, ""model__gamma"": ""scale""}",100,scale,,,,,
21,svm,0.8471884951230164,0.8592610121963496,-0.012072517073333233,20,"{""model__C"": 100, ""model__gamma"": 0.01}",100,0.01,,,,,
21,mlp,0.7800690594409861,0.7542826572179946,0.025786402222991556,12,"{""model__alpha"": 0.01, ""model__hidden_layer_sizes"": [32, 16], ""model__learning_rate_init"": 0.01}",,,0.01,"[32, 16]",0.01,,
21,rbf,0.7177518672179184,0.6707966281137012,0.04695523910421717,18,"{""model__alpha"": 0.001, ""model__n_centers"": 32, ""model__width"": 1}",,,0.001,,,32,1
21,svm_linear,0.8077027867160649,0.802431289640592,0.00527149707547292,4,"{""model__C"": 10}",10,,,,,,
21,svm_unscaled,0.7615187182719184,0.746765411590993,0.014753306680925449,20,"{""model__C"": 100, ""model__gamma"": ""scale""}",100,scale,,,,,
22,svm,0.8375080682506819,0.8451650652870164,-0.00765699703633449,20,"{""model__C"": 100, ""model__gamma"": 0.01}",100,0.01,,,,,
22,mlp,0.7899321800059391,0.742848887785825,0.04708329222011409,12,"{""model__alpha"": 0.01, ""model__hidden_layer_sizes"": [32, 16], ""model__learning_rate_init"": 0.01}",,,0.01,"[32, 16]",0.01,,
22,rbf,0.7136124435450035,0.7664311878597594,-0.05281874431475586,18,"{""model__alpha"": 0.001, ""model__n_centers"": 32, ""model__width"": 1}",,,0.001,,,32,1
22,svm_linear,0.8010382601058657,0.8250494071146245,-0.024011147008758837,4,"{""model__C"": 10}",10,,,,,,
22,svm_unscaled,0.7660707427228433,0.7415460351691048,0.02452470755373848,20,"{""model__C"": 100, ""model__gamma"": ""scale""}",100,scale,,,,,
23,svm,0.8414492233897132,0.8369256948383437,0.0045235285513695045,20,"{""model__C"": 100, ""model__gamma"": 0.01}",100,0.01,,,,,
23,mlp,0.7751481289812882,0.8653310104529617,-0.09018288147167353,12,"{""model__alpha"": 0.0001, ""model__hidden_layer_sizes"": [32, 16], ""model__learning_rate_init"": 0.01}",,,0.0001,"[32, 16]",0.01,,
23,rbf,0.7408801283430887,0.6941949884685834,0.04668513987450529,18,"{""model__alpha"": 0.001, ""model__n_centers"": 32, ""model__width"": 1}",,,0.001,,,32,1
23,svm_linear,0.7870434700044312,0.7801890690610203,0.006854400943410943,4,"{""model__C"": 10}",10,,,,,,
23,svm_unscaled,0.7504203071612399,0.7661616161616163,-0.015741309000376402,20,"{""model__C"": 100, ""model__gamma"": ""scale""}",100,scale,,,,,
24,svm,0.8487513981104156,0.8617236024844721,-0.01297220437405655,20,"{""model__C"": 100, ""model__gamma"": 0.01}",100,0.01,,,,,
24,mlp,0.7925418910302444,0.6913550691594468,0.10118682187079764,12,"{""model__alpha"": 0.01, ""model__hidden_layer_sizes"": [32, 16], ""model__learning_rate_init"": 0.01}",,,0.01,"[32, 16]",0.01,,
24,rbf,0.716566756231122,0.7423032469843585,-0.025736490753236474,18,"{""model__alpha"": 0.001, ""model__n_centers"": 32, ""model__width"": 1}",,,0.001,,,32,1
24,svm_linear,0.808519351561006,0.8502757901013716,-0.04175643854036559,4,"{""model__C"": 10}",10,,,,,,
24,svm_unscaled,0.7390945965604722,0.731354765492735,0.007739831067737124,20,"{""model__C"": 10, ""model__gamma"": 0.001}",10,0.001,,,,,
25,svm,0.8455048338875475,0.8395833333333333,0.005921500554214143,20,"{""model__C"": 100, ""model__gamma"": 0.01}",100,0.01,,,,,
25,mlp,0.7799895332727884,0.7124400147655962,0.06754951850719226,12,"{""model__alpha"": 0.01, ""model__hidden_layer_sizes"": [32, 16], ""model__learning_rate_init"": 0.01}",,,0.01,"[32, 16]",0.01,,
25,rbf,0.7152614474415818,0.736527293844367,-0.02126584640278517,18,"{""model__alpha"": 0.001, ""model__n_centers"": 32, ""model__width"": 1}",,,0.001,,,32,1
25,svm_linear,0.8065625150287856,0.778310276679842,0.028252238348943637,4,"{""model__C"": 10}",10,,,,,,
25,svm_unscaled,0.7631300222573254,0.7559523809523809,0.007177641304944471,20,"{""model__C"": 100, ""model__gamma"": ""scale""}",100,scale,,,,,
26,svm,0.8340326995678439,0.8808848553601816,-0.0468521557923377,20,"{""model__C"": 100, ""model__gamma"": ""scale""}",100,scale,,,,,
26,mlp,0.7747019386528701,0.7379669394700591,0.03673499918281098,12,"{""model__alpha"": 0.01, ""model__hidden_layer_sizes"": [32, 16], ""model__learning_rate_init"": 0.01}",,,0.01,"[32, 16]",0.01,,
26,rbf,0.7234538542286766,0.7526471389115805,-0.02919328468290394,18,"{""model__alpha"": 0.001, ""model__n_centers"": 32, ""model__width"": 1}",,,0.001,,,32,1
26,svm_linear,0.7957555892698595,0.795510876046771,0.00024471322308849963,4,"{""model__C"": 1}",1,,,,,,
26,svm_unscaled,0.7420634288894357,0.7948815073815074,-0.05281807849207176,20,"{""model__C"": 100, ""model__gamma"": ""scale""}",100,scale,,,,,
27,svm,0.8534241980210237,0.8390504423113119,0.014373755709711777,20,"{""model__C"": 100, ""model__gamma"": 0.01}",100,0.01,,,,,
27,mlp,0.7771032181648192,0.7140524492825334,0.06305076888228578,12,"{""model__alpha"": 0.0001, ""model__hidden_layer_sizes"": [32, 16], ""model__learning_rate_init"": 0.01}",,,0.0001,"[32, 16]",0.01,,
27,rbf,0.7094812942902876,0.7422178275836813,-0.032736533293393655,18,"{""model__alpha"": 0.001, ""model__n_centers"": 32, ""model__width"": 1}",,,0.001,,,32,1
27,svm_linear,0.8005279554075603,0.7820568864020516,0.018471069005508656,4,"{""model__C"": 1}",1,,,,,,
27,svm_unscaled,0.7410836191519795,0.7361770795274631,0.004906539624516371,20,"{""model__C"": 100, ""model__gamma"": ""scale""}",100,scale,,,,,
28,svm,0.8419272313399458,0.8679909560723514,-0.02606372473240559,20,"{""model__C"": 100, ""model__gamma"": 0.01}",100,0.01,,,,,
28,mlp,0.7727637973870655,0.7940189891409404,-0.021255191753874914,12,"{""model__alpha"": 0.0001, ""model__hidden_layer_sizes"": [32, 16], ""model__learning_rate_init"": 0.01}",,,0.0001,"[32, 16]",0.01,,
28,rbf,0.7282874030554297,0.7479872756161937,-0.019699872560763998,18,"{""model__alpha"": 0.001, ""model__n_centers"": 32, ""model__width"": 1}",,,0.001,,,32,1
28,svm_linear,0.7966511071084126,0.8180938494167551,-0.021442742308342533,4,"{""model__C"": 1}",1,,,,,,
28,svm_unscaled,0.7355845684429039,0.7359558316080055,-0.0003712631651016096,20,"{""model__C"": 100, ""model__gamma"": ""scale""}",100,scale,,,,,
29,svm,0.8260141319173002,0.8699898159129582,-0.04397568399565799,20,"{""model__C"": 100, ""model__gamma"": 0.01}",100,0.01,,,,,
29,mlp,0.7721277474141222,0.819149589628313,-0.04702184221419081,12,"{""model__alpha"": 0.01, ""model__hidden_layer_sizes"": [16], ""model__learning_rate_init"": 0.01}",,,0.01,[16],0.01,,
29,rbf,0.7146746727430766,0.6886974309781783,0.02597724176489835,18,"{""model__alpha"": 0.001, ""model__n_centers"": 32, ""model__width"": 1}",,,0.001,,,32,1
29,svm_linear,0.795379152295881,0.7850995659614913,0.010279586334389634,4,"{""model__C"": 10}",10,,,,,,
29,svm_unscaled,0.7574090621782948,0.7523771785652472,0.0050318836130476274,20,"{""model__C"": 100, ""model__gamma"": ""scale""}",100,scale,,,,,
30,svm,0.8488511247105055,0.837121212121212,0.011729912589293456,20,"{""model__C"": 100, ""model__gamma"": 0.01}",100,0.01,,,,,
30,mlp,0.7800540819045766,0.7429347826086956,0.03711929929588098,12,"{""model__alpha"": 0.01, ""model__hidden_layer_sizes"": [32, 16], ""model__learning_rate_init"": 0.01}",,,0.01,"[32, 16]",0.01,,
30,rbf,0.7415701514310369,0.7473480449090206,-0.005777893477983742,18,"{""model__alpha"": 0.001, ""model__n_centers"": 32, ""model__width"": 1}",,,0.001,,,32,1
30,svm_linear,0.8094217798490062,0.7788262183698449,0.030595561479161315,4,"{""model__C"": 10}",10,,,,,,
30,svm_unscaled,0.7416424567927263,0.7649544222714955,-0.023311965478769126,20,"{""model__C"": 100, ""model__gamma"": ""scale""}",100,scale,,,,,
31,svm,0.8401701180627276,0.872093023255814,-0.03192290519308638,20,"{""model__C"": 100, ""model__gamma"": ""scale""}",100,scale,,,,,
31,mlp,0.7696590592498678,0.8363372093023256,-0.06667815005245781,12,"{""model__alpha"": 0.0001, ""model__hidden_layer_sizes"": [32, 16], ""model__learning_rate_init"": 0.01}",,,0.0001,"[32, 16]",0.01,,
31,rbf,0.7308132868777941,0.7411616161616161,-0.010348329283822011,18,"{""model__alpha"": 0.001, ""model__n_centers"": 32, ""model__width"": 1}",,,0.001,,,32,1
31,svm_linear,0.8103337940305637,0.7780844155844155,0.03224937844614817,4,"{""model__C"": 1}",1,,,,,,
31,svm_unscaled,0.7767577679411045,0.7237377002082884,0.05302006773281609,20,"{""model__C"": 100, ""model__gamma"": ""scale""}",100,scale,,,,,
32,svm,0.836543464982204,0.809674166509107,0.026869298473097047,20,"{""model__C"": 100, ""model__gamma"": ""scale""}",100,scale,,,,,
32,mlp,0.8052174210017702,0.7567910885284346,0.04842633247333561,12,"{""model__alpha"": 0.01, ""model__hidden_layer_sizes"": [32, 16], ""model__learning_rate_init"": 0.01}",,,0.01,"[32, 16]",0.01,,
32,rbf,0.7351553475090794,0.6747289972899729,0.06042635021910647,18,"{""model__alpha"": 0.001, ""model__n_centers"": 32, ""model__width"": 1}",,,0.001,,,32,1
32,svm_linear,0.8216851694099454,0.7039679567516259,0.11771721265831947,4,"{""model__C"": 10}",10,,,,,,
32,svm_unscaled,0.750037346964097,0.7088270579549649,0.04121028900913204,20,"{""model__C"": 100, ""model__gamma"": ""scale""}",100,scale,,,,,
33,svm,0.8360378693712773,0.8125494071146244,0.02348846225665291,20,"{""model__C"": 100, ""model__gamma"": 0.01}",100,0.01,,,,,
33,mlp,0.7723849909456867,0.8013396156688839,-0.02895462472319721,12,"{""model__alpha"": 0.0001, ""model__hidden_layer_sizes"": [32, 16], ""model__learning_rate_init"": 0.01}",,,0.0001,"[32, 16]",0.01,,
33,rbf,0.7300102582552098,0.7137585991244527,0.0162516591307571,18,"{""model__alpha"": 0.001, ""model__n_centers"": 32, ""model__width"": 1}",,,0.001,,,32,1
33,svm_linear,0.8007562804610476,0.8142787445113027,-0.013522464050255034,4,"{""model__C"": 10}",10,,,,,,
33,svm_unscaled,0.7500784236538285,0.811529933481153,-0.0614515098273245,20,"{""model__C"": 100, ""model__gamma"": ""scale""}",100,scale,,,,,
34,svm,0.847775353168125,0.7941819877925222,0.053593365375602775,20,"{""model__C"": 100, ""model__gamma"": 0.01}",100,0.01,,,,,
34,mlp,0.8060894069404382,0.7975505050505051,0.008538901889933115,12,"{""model__alpha"": 0.01, ""model__hidden_layer_sizes"": [32, 16], ""model__learning_rate_init"": 0.01}",,,0.01,"[32, 16]",0.01,,
34,rbf,0.7301630234468519,0.6241527179977682,0.10601030544908374,18,"{""model__alpha"": 0.001, ""model__n_centers"": 32, ""model__width"": 1}",,,0.001,,,32,1
34,svm_linear,0.8062009497882521,0.7457010752529754,0.06049987453527672,4,"{""model__C"": 10}",10,,,,,,
34,svm_unscaled,0.7482430536773207,0.6552810944101924,0.09296195926712825,20,"{""model__C"": 100, ""model__gamma"": ""scale""}",100,scale,,,,,
35,svm,0.8466139724252549,0.8540924812701816,-0.0074785088449266235,20,"{""model__C"": 100, ""model__gamma"": ""scale""}",100,scale,,,,,
35,mlp,0.7540365974519799,0.7652069475240207,-0.011170350072040813,12,"{""model__alpha"": 0.01, ""model__hidden_layer_sizes"": [32, 16], ""model__learning_rate_init"": 0.01}",,,0.01,"[32, 16]",0.01,,
35,rbf,0.7297437406778963,0.7037952628456712,0.025948477832225092,18,"{""model__alpha"": 0.001, ""model__n_centers"": 32, ""model__width"": 1}",,,0.001,,,32,1
35,svm_linear,0.8054993273832171,0.8135870904163587,-0.008087763033141626,4,"{""model__C"": 10}",10,,,,,,
35,svm_unscaled,0.7552565724551892,0.8082385142300307,-0.0529819417748415,20,"{""model__C"": 100, ""model__gamma"": ""scale""}",100,scale,,,,,
36,svm,0.8303842279484253,0.8659473562820734,-0.035563128333648164,20,"{""model__C"": 100, ""model__gamma"": ""scale""}",100,scale,,,,,
36,mlp,0.7683241437721844,0.7271242228948996,0.041199920877284746,12,"{""model__alpha"": 0.01, ""model__hidden_layer_sizes"": [32, 16], ""model__learning_rate_init"": 0.01}",,,0.01,"[32, 16]",0.01,,
36,rbf,0.71878770887325,0.8013183006997949,-0.08253059182654487,18,"{""model__alpha"": 0.001, ""model__n_centers"": 32, ""model__width"": 1}",,,0.001,,,32,1
36,svm_linear,0.7840618231360637,0.8541666666666667,-0.07010484353060309,4,"{""model__C"": 1}",1,,,,,,
36,svm_unscaled,0.7449102339854494,0.8251554522518227,-0.08024521826637332,20,"{""model__C"": 100, ""model__gamma"": ""scale""}",100,scale,,,,,
37,svm,0.851949140369797,0.89296982766995,-0.04102068730015307,20,"{""model__C"": 100, ""model__gamma"": ""scale""}",100,scale,,,,,
37,mlp,0.77497165388034,0.793399443982689,-0.018427790102349073,12,"{""model__alpha"": 0.0001, ""model__hidden_layer_sizes"": [32], ""model__learning_rate_init"": 0.01}",,,0.0001,[32],0.01,,
37,rbf,0.7290058620743484,0.7118591338974615,0.017146728176886894,18,"{""model__alpha"": 0.001, ""model__n_centers"": 32, ""model__width"": 1}",,,0.001,,,32,1
37,svm_linear,0.7888325113790554,0.8643905322031944,-0.07555802082413898,4,"{""model__C"": 1}",1,,,,,,
37,svm_unscaled,0.7580928651583216,0.7668811668811669,-0.008788301722845282,20,"{""model__C"": 100, ""model__gamma"": ""scale""}",100,scale,,,,,
38,svm,0.8422045823596424,0.8536091341955852,-0.0114045518359428,20,"{""model__C"": 100, ""model__gamma"": 0.01}",100,0.01,,,,,
38,mlp,0.7901916633633703,0.8048429767337755,-0.01465131337040515,12,"{""model__alpha"": 0.01, ""model__hidden_layer_sizes"": [32, 16], ""model__learning_rate_init"": 0.01}",,,0.01,"[32, 16]",0.01,,
38,rbf,0.7229554995985183,0.7392283587935762,-0.01627285919505783,18,"{""model__alpha"": 0.001, ""model__n_centers"": 32, ""model__width"": 1}",,,0.001,,,32,1
38,svm_linear,0.815357100086701,0.8185491676345336,-0.0031920675478325222,4,"{""model__C"": 1}",1,,,,,,
38,svm_unscaled,0.7622945358416992,0.7820887445887446,-0.019794208747045405,20,"{""model__C"": 100, ""model__gamma"": ""scale""}",100,scale,,,,,
39,svm,0.8295302372419602,0.8691569586020387,-0.0396267213600785,20,"{""model__C"": 100, ""model__gamma"": 0.01}",100,0.01,,,,,
39,mlp,0.7812432254787425,0.708234126984127,0.07300909849461545,12,"{""model__alpha"": 0.01, ""model__hidden_layer_sizes"": [32], ""model__learning_rate_init"": 0.01}",,,0.01,[32],0.01,,
39,rbf,0.7273022554553042,0.7651901028505506,-0.03788784739524631,18,"{""model__alpha"": 0.001, ""model__n_centers"": 32, ""model__width"": 1}",,,0.001,,,32,1
39,svm_linear,0.7974927170172499,0.8204394766179663,-0.02294675960071646,4,"{""model__C"": 10}",10,,,,,,
39,svm_unscaled,0.7598947317542342,0.7842936049457789,-0.024398873191544768,20,"{""model__C"": 100, ""model__gamma"": ""scale""}",100,scale,,,,,
40,svm,0.8285451174333296,0.8367793646539291,-0.008234247220599511,20,"{""model__C"": 100, ""model__gamma"": ""scale""}",100,scale,,,,,
40,mlp,0.7850687248921738,0.7135428202288667,0.0715259046633071,12,"{""model__alpha"": 0.01, ""model__hidden_layer_sizes"": [16], ""model__learning_rate_init"": 0.01}",,,0.01,[16],0.01,,
40,rbf,0.7276616032973553,0.7335209505941214,-0.005859347296766071,18,"{""model__alpha"": 0.001, ""model__n_centers"": 32, ""model__width"": 1}",,,0.001,,,32,1
40,svm_linear,0.7929094565518872,0.7625550924861635,0.03035436406572367,4,"{""model__C"": 10}",10,,,,,,
40,svm_unscaled,0.7715265655305003,0.7391304347826086,0.032396130747891605,20,"{""model__C"": 100, ""model__gamma"": ""scale""}",100,scale,,,,,
41,svm,0.8419047904022143,0.7862557546348141,0.05564903576740021,20,"{""model__C"": 10, ""model__gamma"": ""scale""}",10,scale,,,,,
41,mlp,0.7857717341641084,0.832678501023078,-0.04690676685896966,12,"{""model__alpha"": 0.01, ""model__hidden_layer_sizes"": [32], ""model__learning_rate_init"": 0.01}",,,0.01,[32],0.01,,
41,rbf,0.7234277393258916,0.7781561284095093,-0.05472838908361777,18,"{""model__alpha"": 0.001, ""model__n_centers"": 32, ""model__width"": 1}",,,0.001,,,32,1
41,svm_linear,0.7986299938758943,0.7410199838771268,0.05761000999876753,4,"{""model__C"": 100}",100,,,,,,
41,svm_unscaled,0.7455895835671627,0.764030549396403,-0.018440965829240374,20,"{""model__C"": 100, ""model__gamma"": ""scale""}",100,scale,,,,,
42,svm,0.85470758804003,0.7995195861049519,0.05518800193507811,20,"{""model__C"": 100, ""model__gamma"": 0.01}",100,0.01,,,,,
42,mlp,0.803599488204706,0.7402783236558422,0.06332116454886372,12,"{""model__alpha"": 0.01, ""model__hidden_layer_sizes"": [32, 16], ""model__learning_rate_init"": 0.01}",,,0.01,"[32, 16]",0.01,,
42,rbf,0.7270251356584131,0.6391084093211753,0.0879167263372378,18,"{""model__alpha"": 0.01, ""model__n_centers"": 32, ""model__width"": 1}",,,0.01,,,32,1
42,svm_linear,0.801975873618398,0.8257548007548008,-0.02377892713640284,4,"{""model__C"": 10}",10,,,,,,
42,svm_unscaled,0.7716233534347938,0.7090482548866881,0.06257509854810572,20,"{""model__C"": 100, ""model__gamma"": ""scale""}",100,scale,,,,,
43,svm,0.8249485065413987,0.895014892462425,-0.07006638592102632,20,"{""model__C"": 100, ""model__gamma"": ""scale""}",100,scale,,,,,
43,mlp,0.7664737100361958,0.7996098104793757,-0.03313610044317994,12,"{""model__alpha"": 0.01, ""model__hidden_layer_sizes"": [32], ""model__learning_rate_init"": 0.01}",,,0.01,[32],0.01,,
43,rbf,0.7262568604654429,0.7721690634734113,-0.04591220300796839,18,"{""model__alpha"": 0.001, ""model__n_centers"": 32, ""model__width"": 1}",,,0.001,,,32,1
43,svm_linear,0.7976374058222592,0.8581235697940504,-0.060486163971791185,4,"{""model__C"": 1}",1,,,,,,
43,svm_unscaled,0.7405747204395337,0.7977485928705441,-0.057173872431010464,20,"{""model__C"": 100, ""model__gamma"": ""scale""}",100,scale,,,,,
44,svm,0.838224608503802,0.8387755891300984,-0.0005509806262964378,20,"{""model__C"": 100, ""model__gamma"": 0.01}",100,0.01,,,,,
44,mlp,0.7889033873637715,0.7911780800500312,-0.002274692686259683,12,"{""model__alpha"": 0.0001, ""model__hidden_layer_sizes"": [32, 16], ""model__learning_rate_init"": 0.01}",,,0.0001,"[32, 16]",0.01,,
44,rbf,0.7283201673354808,0.7492257065427798,-0.020905539207298984,18,"{""model__alpha"": 0.001, ""model__n_centers"": 32, ""model__width"": 1}",,,0.001,,,32,1
44,svm_linear,0.8059801047024788,0.8178053830227743,-0.011825278320295451,4,"{""model__C"": 100}",100,,,,,,
44,svm_unscaled,0.7520037776645188,0.8001856339916464,-0.04818185632712768,20,"{""model__C"": 100, ""model__gamma"": ""scale""}",100,scale,,,,,
45,svm,0.843072466769797,0.7830825116761806,0.059989955093616376,20,"{""model__C"": 100, ""model__gamma"": 0.01}",100,0.01,,,,,
45,mlp,0.7972425627531096,0.7220211958584052,0.07522136689470438,12,"{""model__alpha"": 0.01, ""model__hidden_layer_sizes"": [32], ""model__learning_rate_init"": 0.01}",,,0.01,[32],0.01,,
45,rbf,0.7382200308907334,0.6930555555555555,0.04516447533517787,18,"{""model__alpha"": 0.001, ""model__n_centers"": 32, ""model__width"": 1}",,,0.001,,,32,1
45,svm_linear,0.7965856507357745,0.7493811743811745,0.04720447635460001,4,"{""model__C"": 10}",10,,,,,,
45,svm_unscaled,0.759164479500973,0.7340600002472707,0.025104479253702294,20,"{""model__C"": 100, ""model__gamma"": ""scale""}",100,scale,,,,,
46,svm,0.8351837083201896,0.819149589628313,0.016034118691876653,20,"{""model__C"": 100, ""model__gamma"": 0.01}",100,0.01,,,,,
46,mlp,0.768972309248799,0.8325329299804626,-0.06356062073166358,12,"{""model__alpha"": 0.01, ""model__hidden_layer_sizes"": [32, 16], ""model__learning_rate_init"": 0.01}",,,0.01,"[32, 16]",0.01,,
46,rbf,0.7159125258869984,0.7337034532972748,-0.017790927410276436,18,"{""model__alpha"": 0.001, ""model__n_centers"": 32, ""model__width"": 1}",,,0.001,,,32,1
46,svm_linear,0.8100099340854502,0.8184740478597909,-0.008464113774340754,4,"{""model__C"": 100}",100,,,,,,
46,svm_unscaled,0.7680491729816106,0.8103359173126615,-0.04228674433105095,20,"{""model__C"": 100, ""model__gamma"": ""scale""}",100,scale,,,,,
47,svm,0.8378408976534454,0.843205574912892,-0.005364677259446671,20,"{""model__C"": 100, ""model__gamma"": 0.01}",100,0.01,,,,,
47,mlp,0.8039080702105093,0.7506231414897735,0.05328492872073576,12,"{""model__alpha"": 0.0001, ""model__hidden_layer_sizes"": [32, 16], ""model__learning_rate_init"": 0.01}",,,0.0001,"[32, 16]",0.01,,
47,rbf,0.7378051821260712,0.7523810824414434,-0.014575900315372259,18,"{""model__alpha"": 0.001, ""model__n_centers"": 32, ""model__width"": 1}",,,0.001,,,32,1
47,svm_linear,0.8076582365307653,0.7905604135866807,0.017097822944084573,4,"{""model__C"": 1}",1,,,,,,
47,svm_unscaled,0.7677788660571007,0.7560868953948932,0.011691970662207507,20,"{""model__C"": 100, ""model__gamma"": ""scale""}",100,scale,,,,,
48,svm,0.8420721157178066,0.831187707641196,0.010884408076610619,20,"{""model__C"": 100, ""model__gamma"": ""scale""}",100,scale,,,,,
48,mlp,0.7525914508135199,0.787861169837914,-0.03526971902439413,12,"{""model__alpha"": 0.01, ""model__hidden_layer_sizes"": [32, 16], ""model__learning_rate_init"": 0.01}",,,0.01,"[32, 16]",0.01,,
48,rbf,0.7242154211162845,0.6734197612246393,0.05079565989164514,18,"{""model__alpha"": 0.001, ""model__n_centers"": 32, ""model__width"": 1}",,,0.001,,,32,1
48,svm_linear,0.7997040127268182,0.7688883943473905,0.0308156183794277,4,"{""model__C"": 10}",10,,,,,,
48,svm_unscaled,0.7531761431895867,0.717280361757106,0.03589578143248073,20,"{""model__C"": 100, ""model__gamma"": ""scale""}",100,scale,,,,,
49,svm,0.8354069572010564,0.8678945969770034,-0.03248763977594704,20,"{""model__C"": 10, ""model__gamma"": ""scale""}",10,scale,,,,,
49,mlp,0.7769463170438693,0.8548423423423424,-0.07789602529847306,12,"{""model__alpha"": 0.01, ""model__hidden_layer_sizes"": [16], ""model__learning_rate_init"": 0.01}",,,0.01,[16],0.01,,
49,rbf,0.7117812840710459,0.780495967995968,-0.06871468392492208,18,"{""model__alpha"": 0.01, ""model__n_centers"": 32, ""model__width"": 1}",,,0.01,,,32,1
49,svm_linear,0.7920279102812071,0.8119970468807678,-0.019969136599560677,4,"{""model__C"": 1}",1,,,,,,
49,svm_unscaled,0.7370129052999752,0.8556810772690379,-0.11866817196906265,20,"{""model__C"": 100, ""model__gamma"": ""scale""}",100,scale,,,,,
