split,n_iter,max_iter,best_validation_accuracy,last_validation_accuracy,last_training_loss,loss_first,loss_decreased,convergence_warnings,outer_macro_f1
0,46,2000,0.7792207792207793,0.7792207792207793,0.3405839645499177,1.5751049157319332,True,0,0.7092834960070986
1,39,2000,0.8441558441558441,0.7662337662337663,0.211568206050219,1.5047641030087393,True,0,0.7989479512735327
2,52,2000,0.7922077922077922,0.7662337662337663,0.2623257822791556,1.3884439585820851,True,0,0.8478896103896103
3,42,2000,0.8311688311688312,0.8051948051948052,0.21595183650477512,1.3018997075207683,True,0,0.7957042408261921
4,22,2000,0.8311688311688312,0.8051948051948052,0.3471790893005002,1.492644887966609,True,0,0.7306784402867634
5,22,2000,0.7922077922077922,0.7662337662337663,0.2870181550659617,1.4882667924176691,True,0,0.7448202959830866
6,29,2000,0.8311688311688312,0.8051948051948052,0.3358467532300268,1.3685396918922978,True,0,0.7688346883468834
7,44,2000,0.8311688311688312,0.8311688311688312,0.18312160469267671,1.3973929103051366,True,0,0.819149589628313
8,39,2000,0.8441558441558441,0.7922077922077922,0.21190890670081056,1.3000924777888374,True,0,0.8172884515673486
9,56,2000,0.8311688311688312,0.8181818181818182,0.17274603112270093,1.3366513934278892,True,0,0.8597826086956522
10,37,2000,0.7922077922077922,0.7792207792207793,0.2863198465891503,1.4118647329809835,True,0,0.7841591033080395
11,24,2000,0.8051948051948052,0.7662337662337663,0.3604922320095311,1.2158887969371073,True,0,0.7819577624936573
12,27,2000,0.7792207792207793,0.7272727272727273,0.4018278059130814,1.4881310209025367,True,0,0.7673473869126043
13,64,2000,0.8571428571428571,0.8441558441558441,0.23616048079628776,1.3911306131876708,True,0,0.8106984478935698
14,49,2000,0.8701298701298701,0.8701298701298701,0.3016020083391386,1.5950082549618259,True,0,0.7884615384615384
15,33,2000,0.8181818181818182,0.7662337662337663,0.29086884738784907,1.3737000710383114,True,0,0.7037124060150375
16,28,2000,0.8571428571428571,0.8441558441558441,0.3178597620656518,1.4776438080865546,True,0,0.718188894654904
17,17,2000,0.8571428571428571,0.8441558441558441,0.37505040707781784,1.3280883736710138,True,0,0.7043624862773799
18,51,2000,0.8701298701298701,0.8441558441558441,0.21569392120543385,1.4065697368817027,True,0,0.7831268712141499
19,37,2000,0.8701298701298701,0.8441558441558441,0.28866799852186753,1.453999355589428,True,0,0.81982101216361
20,46,2000,0.8441558441558441,0.7922077922077922,0.17818252940289409,1.450346339563076,True,0,0.8116937974080831
21,42,2000,0.8441558441558441,0.8311688311688312,0.2099717107514633,1.41319909960449,True,0,0.7542826572179946
22,24,2000,0.8311688311688312,0.8311688311688312,0.3439740860520979,1.5597804379640747,True,0,0.742848887785825
23,51,2000,0.8051948051948052,0.8051948051948052,0.17767373914542217,1.711720996762311,True,0,0.8653310104529617
24,17,2000,0.7792207792207793,0.7402597402597403,0.3394580822885729,1.3053344158972806,True,0,0.6913550691594468
25,27,2000,0.8051948051948052,0.8051948051948052,0.2838976740373497,1.5752952013107875,True,0,0.7124400147655962
26,20,2000,0.7662337662337663,0.7142857142857143,0.3327665015190704,1.5408647576378696,True,0,0.7379669394700591
27,21,2000,0.7792207792207793,0.7142857142857143,0.2877343614875721,1.34912049583151,True,0,0.7140524492825334
28,36,2000,0.8181818181818182,0.7922077922077922,0.2341594929287164,1.3861238014916908,True,0,0.7940189891409404
29,44,2000,0.8181818181818182,0.7792207792207793,0.31046676212314006,1.5081986869787487,True,0,0.819149589628313
30,51,2000,0.8051948051948052,0.7662337662337663,0.1431755053302594,1.4082895341207267,True,0,0.7429347826086956
31,44,2000,0.8051948051948052,0.7662337662337663,0.19856462044873718,1.3467048606830831,True,0,0.8363372093023256
32,26,2000,0.8831168831168831,0.8831168831168831,0.2745287563543724,1.3659458169082888,True,0,0.7567910885284346
33,49,2000,0.8181818181818182,0.8051948051948052,0.19353895902921475,1.3877866495557865,True,0,0.8013396156688839
34,40,2000,0.8961038961038961,0.8831168831168831,0.1896484733872472,1.3908690349520205,True,0,0.7975505050505051
35,23,2000,0.8311688311688312,0.7922077922077922,0.3247391441306679,1.3073121850786444,True,0,0.7652069475240207
36,17,2000,0.7402597402597403,0.7402597402597403,0.350747175280986,1.357742290636163,True,0,0.7271242228948996
37,32,2000,0.8441558441558441,0.7922077922077922,0.2996411208773485,1.431958581635803,True,0,0.793399443982689
38,28,2000,0.8441558441558441,0.8051948051948052,0.25683067369586177,1.4704027759250728,True,0,0.8048429767337755
39,17,2000,0.8181818181818182,0.7922077922077922,0.4172485085179911,1.4554101589044142,True,0,0.708234126984127
40,33,2000,0.8311688311688312,0.8051948051948052,0.37747744136392486,1.5796786007112393,True,0,0.7135428202288667
41,35,2000,0.8441558441558441,0.8441558441558441,0.2856166181455255,1.4928572578375219,True,0,0.832678501023078
42,26,2000,0.8181818181818182,0.7792207792207793,0.26762956497426393,1.4559019637995152,True,0,0.7402783236558422
43,40,2000,0.8051948051948052,0.7792207792207793,0.2920207317855101,1.3825495209903509,True,0,0.7996098104793757
44,50,2000,0.8311688311688312,0.7532467532467533,0.16474916040355625,1.4519816065509794,True,0,0.7911780800500312
45,23,2000,0.8441558441558441,0.8181818181818182,0.3448607485778094,1.3864769329823412,True,0,0.7220211958584052
46,50,2000,0.8571428571428571,0.8311688311688312,0.16873188321137098,1.4439597632965724,True,0,0.8325329299804626
47,20,2000,0.7922077922077922,0.7272727272727273,0.31846408850339186,1.4249394746630941,True,0,0.7506231414897735
48,51,2000,0.8571428571428571,0.7792207792207793,0.18572466751749672,1.4415516987607622,True,0,0.787861169837914
49,35,2000,0.8571428571428571,0.8571428571428571,0.3603695540208651,1.5347839088376831,True,0,0.8548423423423424
