split,feature,drop_mean
0,COMPACTNESS,0.13538481897390195
0,CIRCULARITY,0.11099293143050804
0,DISTANCE_CIRCULARITY,0.12177999164370534
0,RADIUS_RATIO,0.1923915287920441
0,PR.AXIS_ASPECT_RATIO,0.12674511129836796
0,MAX.LENGTH_ASPECT_RATIO,0.02433605261295224
0,SCATTER_RATIO,0.09988137143812507
0,ELONGATEDNESS,0.17334012386427863
0,PR.AXIS_RECTANGULARITY,0.12909550449363402
0,MAX.LENGTH_RECTANGULARITY,0.15206459900290972
0,SCALED_VARIANCE_MAJOR,0.02326375587653795
0,SCALED_VARIANCE_MINOR,0.09394436084919595
0,SCALED_RADIUS_OF_GYRATION,0.12222165080973894
0,SKEWNESS_ABOUT_MAJOR,0.17479659528723634
0,SKEWNESS_ABOUT_MINOR,-0.007526865863353753
0,KURTOSIS_ABOUT_MAJOR,0.03965970795239093
0,KURTOSIS_ABOUT_MINOR,0.23432996954812121
0,HOLLOWS_RATIO,0.217064871164508
1,COMPACTNESS,0.0994439297479296
1,CIRCULARITY,0.04195765311210098
1,DISTANCE_CIRCULARITY,0.12739501385813665
1,RADIUS_RATIO,0.27642419080279024
1,PR.AXIS_ASPECT_RATIO,0.12356018304851801
1,MAX.LENGTH_ASPECT_RATIO,0.013868084589758856
1,SCATTER_RATIO,0.10612676967587749
1,ELONGATEDNESS,0.1424295897982658
1,PR.AXIS_RECTANGULARITY,0.13900934125031364
1,MAX.LENGTH_RECTANGULARITY,0.13101546711027254
1,SCALED_VARIANCE_MAJOR,0.016944218752731444
1,SCALED_VARIANCE_MINOR,0.13331519888070806
1,SCALED_RADIUS_OF_GYRATION,0.12123757329626095
1,SKEWNESS_ABOUT_MAJOR,0.16907370798364343
1,SKEWNESS_ABOUT_MINOR,-0.012201927290295789
1,KURTOSIS_ABOUT_MAJOR,0.0288087133474552
1,KURTOSIS_ABOUT_MINOR,0.11175923760701119
1,HOLLOWS_RATIO,0.17752445769695505
2,COMPACTNESS,0.22596629838470572
2,CIRCULARITY,0.12250213372781582
2,DISTANCE_CIRCULARITY,0.1774369182892829
2,RADIUS_RATIO,0.2568222137576661
2,PR.AXIS_ASPECT_RATIO,0.16126063952150912
2,MAX.LENGTH_ASPECT_RATIO,0.028458261246693928
2,SCATTER_RATIO,0.1348244741687461
2,ELONGATEDNESS,0.17854101969087954
2,PR.AXIS_RECTANGULARITY,0.125434813561668
2,MAX.LENGTH_RECTANGULARITY,0.13120689371706665
2,SCALED_VARIANCE_MAJOR,0.056433320208994164
2,SCALED_VARIANCE_MINOR,0.17201510317169677
2,SCALED_RADIUS_OF_GYRATION,0.09957897235435546
2,SKEWNESS_ABOUT_MAJOR,0.23717256706867276
2,SKEWNESS_ABOUT_MINOR,0.04074249695554525
2,KURTOSIS_ABOUT_MAJOR,0.023566092938859733
2,KURTOSIS_ABOUT_MINOR,0.19007082567808664
2,HOLLOWS_RATIO,0.23543085935715835
3,COMPACTNESS,0.04053377814619907
3,CIRCULARITY,0.13794539581988288
3,DISTANCE_CIRCULARITY,0.14202221878567753
3,RADIUS_RATIO,0.19176518551518554
3,PR.AXIS_ASPECT_RATIO,0.09916947766706448
3,MAX.LENGTH_ASPECT_RATIO,0.031993021946226774
3,SCATTER_RATIO,0.1401696408705975
3,ELONGATEDNESS,0.225838098278388
3,PR.AXIS_RECTANGULARITY,0.0585060895936409
3,MAX.LENGTH_RECTANGULARITY,0.1203401776694701
3,SCALED_VARIANCE_MAJOR,0.02327439024085376
3,SCALED_VARIANCE_MINOR,0.159065708838525
3,SCALED_RADIUS_OF_GYRATION,0.08140559508403038
3,SKEWNESS_ABOUT_MAJOR,0.14914463812009737
3,SKEWNESS_ABOUT_MINOR,0.003487230690794374
3,KURTOSIS_ABOUT_MAJOR,0.04750058761686674
3,KURTOSIS_ABOUT_MINOR,0.09659951852274777
3,HOLLOWS_RATIO,0.3011234517605544
4,COMPACTNESS,0.13170334259397884
4,CIRCULARITY,0.02341041368463796
4,DISTANCE_CIRCULARITY,0.1270767034501763
4,RADIUS_RATIO,0.2594759157354721
4,PR.AXIS_ASPECT_RATIO,0.21939550233914565
4,MAX.LENGTH_ASPECT_RATIO,0.0029024363826246624
4,SCATTER_RATIO,0.11760942629159461
4,ELONGATEDNESS,0.20808580555128695
4,PR.AXIS_RECTANGULARITY,0.14048948349860194
4,MAX.LENGTH_RECTANGULARITY,0.14762385017255922
4,SCALED_VARIANCE_MAJOR,0.036794687906110034
4,SCALED_VARIANCE_MINOR,0.10258379926136658
4,SCALED_RADIUS_OF_GYRATION,0.10936945354459478
4,SKEWNESS_ABOUT_MAJOR,0.1968931150339782
4,SKEWNESS_ABOUT_MINOR,0.042342988202318854
4,KURTOSIS_ABOUT_MAJOR,0.04643702735449754
4,KURTOSIS_ABOUT_MINOR,0.20732220557801584
4,HOLLOWS_RATIO,0.1726764883788896
5,COMPACTNESS,0.10710286090817955
5,CIRCULARITY,0.0607774107229521
5,DISTANCE_CIRCULARITY,0.1830184936333746
5,RADIUS_RATIO,0.25499334375198424
5,PR.AXIS_ASPECT_RATIO,0.15881631901004342
5,MAX.LENGTH_ASPECT_RATIO,0.01984374108030425
5,SCATTER_RATIO,0.09100161138295793
5,ELONGATEDNESS,0.18185176174618733
5,PR.AXIS_RECTANGULARITY,0.14040952487656314
5,MAX.LENGTH_RECTANGULARITY,0.15266301263112303
5,SCALED_VARIANCE_MAJOR,0.05557566532527617
5,SCALED_VARIANCE_MINOR,0.10257083086321295
5,SCALED_RADIUS_OF_GYRATION,0.11484701299359161
5,SKEWNESS_ABOUT_MAJOR,0.16565188498306724
5,SKEWNESS_ABOUT_MINOR,-0.009671938310948924
5,KURTOSIS_ABOUT_MAJOR,0.022361321015831808
5,KURTOSIS_ABOUT_MINOR,0.19805926093160778
5,HOLLOWS_RATIO,0.22277166700192244
6,COMPACTNESS,0.19225460123538882
6,CIRCULARITY,0.09793817352664565
6,DISTANCE_CIRCULARITY,0.20576695653698096
6,RADIUS_RATIO,0.3375835564622867
6,PR.AXIS_ASPECT_RATIO,0.19694326513685054
6,MAX.LENGTH_ASPECT_RATIO,0.047709203022407554
6,SCATTER_RATIO,0.14766494338284228
6,ELONGATEDNESS,0.2683292286410273
6,PR.AXIS_RECTANGULARITY,0.16759040458158037
6,MAX.LENGTH_RECTANGULARITY,0.22706013974348835
6,SCALED_VARIANCE_MAJOR,0.0749776764377329
6,SCALED_VARIANCE_MINOR,0.16248696986955694
6,SCALED_RADIUS_OF_GYRATION,0.17280885653645972
6,SKEWNESS_ABOUT_MAJOR,0.251482382429803
6,SKEWNESS_ABOUT_MINOR,0.0392669857304212
6,KURTOSIS_ABOUT_MAJOR,0.022211031804380627
6,KURTOSIS_ABOUT_MINOR,0.21317957314046213
6,HOLLOWS_RATIO,0.32126557717932835
7,COMPACTNESS,-0.005560453621977028
7,CIRCULARITY,0.1368496423918648
7,DISTANCE_CIRCULARITY,0.03527404655489885
7,RADIUS_RATIO,0.17381030199210953
7,PR.AXIS_ASPECT_RATIO,0.08399762984395875
7,MAX.LENGTH_ASPECT_RATIO,-0.002013007348016127
7,SCATTER_RATIO,0.0822795759401711
7,ELONGATEDNESS,0.08388436703372464
7,PR.AXIS_RECTANGULARITY,0.030693767494038033
7,MAX.LENGTH_RECTANGULARITY,0.10901369538398253
7,SCALED_VARIANCE_MAJOR,0.015364821199753057
7,SCALED_VARIANCE_MINOR,0.12681836476471067
7,SCALED_RADIUS_OF_GYRATION,0.030621840743662587
7,SKEWNESS_ABOUT_MAJOR,0.17041401725688454
7,SKEWNESS_ABOUT_MINOR,-0.012119100706057262
7,KURTOSIS_ABOUT_MAJOR,-0.03166377439832824
7,KURTOSIS_ABOUT_MINOR,0.11954701790790156
7,HOLLOWS_RATIO,0.19176407772947135
8,COMPACTNESS,0.124485435199721
8,CIRCULARITY,0.0789176183461493
8,DISTANCE_CIRCULARITY,0.16243444590137313
8,RADIUS_RATIO,0.051080077563074644
8,PR.AXIS_ASPECT_RATIO,0.17333797378005378
8,MAX.LENGTH_ASPECT_RATIO,0.04322603072603085
8,SCATTER_RATIO,0.019654739983134162
8,ELONGATEDNESS,0.07734814710585551
8,PR.AXIS_RECTANGULARITY,0.05374057673828855
8,MAX.LENGTH_RECTANGULARITY,0.10440339774129896
8,SCALED_VARIANCE_MAJOR,0.03868533057107382
8,SCALED_VARIANCE_MINOR,0.05180308546729425
8,SCALED_RADIUS_OF_GYRATION,0.06652635659968924
8,SKEWNESS_ABOUT_MAJOR,0.10082854287923082
8,SKEWNESS_ABOUT_MINOR,0.010149657605399987
8,KURTOSIS_ABOUT_MAJOR,0.005691034832823701
8,KURTOSIS_ABOUT_MINOR,0.1701650767111108
8,HOLLOWS_RATIO,0.21012584274995202
9,COMPACTNESS,0.11662738187868275
9,CIRCULARITY,0.11768622493239622
9,DISTANCE_CIRCULARITY,0.18411853865941652
9,RADIUS_RATIO,0.1967907531650617
9,PR.AXIS_ASPECT_RATIO,0.0981086145033095
9,MAX.LENGTH_ASPECT_RATIO,0.007146997348358701
9,SCATTER_RATIO,0.0953907185259596
9,ELONGATEDNESS,0.16285575072563038
9,PR.AXIS_RECTANGULARITY,0.12980456542913832
9,MAX.LENGTH_RECTANGULARITY,0.13073646123013175
9,SCALED_VARIANCE_MAJOR,0.025563881462917215
9,SCALED_VARIANCE_MINOR,0.149727722734088
9,SCALED_RADIUS_OF_GYRATION,0.02690637009239964
9,SKEWNESS_ABOUT_MAJOR,0.180297492093751
9,SKEWNESS_ABOUT_MINOR,-0.006105141470995131
9,KURTOSIS_ABOUT_MAJOR,-0.014493283242350294
9,KURTOSIS_ABOUT_MINOR,0.10126413811959863
9,HOLLOWS_RATIO,0.2322875124054514
10,COMPACTNESS,0.10109501955786711
10,CIRCULARITY,0.08913351158526828
10,DISTANCE_CIRCULARITY,0.17755311316989786
10,RADIUS_RATIO,0.20941531271059044
10,PR.AXIS_ASPECT_RATIO,0.10627511016610369
10,MAX.LENGTH_ASPECT_RATIO,0.010677866491820046
10,SCATTER_RATIO,0.10344028824150737
10,ELONGATEDNESS,0.17839067687770357
10,PR.AXIS_RECTANGULARITY,0.16677911975959855
10,MAX.LENGTH_RECTANGULARITY,0.17612796570602793
10,SCALED_VARIANCE_MAJOR,0.08333352117287855
10,SCALED_VARIANCE_MINOR,0.19337100909733895
10,SCALED_RADIUS_OF_GYRATION,0.1575309012061844
10,SKEWNESS_ABOUT_MAJOR,0.2175037068727335
10,SKEWNESS_ABOUT_MINOR,0.025896188175267103
10,KURTOSIS_ABOUT_MAJOR,0.047183865457174345
10,KURTOSIS_ABOUT_MINOR,0.14227801963806475
10,HOLLOWS_RATIO,0.2598743629621793
11,COMPACTNESS,0.1422063403277424
11,CIRCULARITY,0.13440922486598697
11,DISTANCE_CIRCULARITY,0.1577538839195097
11,RADIUS_RATIO,0.2714902625586167
11,PR.AXIS_ASPECT_RATIO,0.20233852757016968
11,MAX.LENGTH_ASPECT_RATIO,0.020493027062126006
11,SCATTER_RATIO,0.15838078749994552
11,ELONGATEDNESS,0.1917310666926566
11,PR.AXIS_RECTANGULARITY,0.16732865888908285
11,MAX.LENGTH_RECTANGULARITY,0.1680513811091152
11,SCALED_VARIANCE_MAJOR,0.05527680683818925
11,SCALED_VARIANCE_MINOR,0.16047290179160356
11,SCALED_RADIUS_OF_GYRATION,0.10069134941881493
11,SKEWNESS_ABOUT_MAJOR,0.22392110254566147
11,SKEWNESS_ABOUT_MINOR,-0.0038566559908023157
11,KURTOSIS_ABOUT_MAJOR,0.03835267292520431
11,KURTOSIS_ABOUT_MINOR,0.18368809787031756
11,HOLLOWS_RATIO,0.2533212204846779
12,COMPACTNESS,0.0917624802695689
12,CIRCULARITY,0.07584883238891353
12,DISTANCE_CIRCULARITY,0.09585946648768721
12,RADIUS_RATIO,0.2517715138740539
12,PR.AXIS_ASPECT_RATIO,0.1344281600282056
12,MAX.LENGTH_ASPECT_RATIO,-0.004468093407401434
12,SCATTER_RATIO,0.06782562867586354
12,ELONGATEDNESS,0.1454103946683251
12,PR.AXIS_RECTANGULARITY,0.06494794810223532
12,MAX.LENGTH_RECTANGULARITY,0.1310741639875482
12,SCALED_VARIANCE_MAJOR,-0.006142929329983023
12,SCALED_VARIANCE_MINOR,0.07191971954493555
12,SCALED_RADIUS_OF_GYRATION,0.08871202262809845
12,SKEWNESS_ABOUT_MAJOR,0.2160743403467664
12,SKEWNESS_ABOUT_MINOR,0.0004371182421845458
12,KURTOSIS_ABOUT_MAJOR,0.017327271535115003
12,KURTOSIS_ABOUT_MINOR,0.14677602763260333
12,HOLLOWS_RATIO,0.24426343377271834
13,COMPACTNESS,0.09450244317657812
13,CIRCULARITY,0.1855918410543558
13,DISTANCE_CIRCULARITY,0.14220329618029295
13,RADIUS_RATIO,0.2573249780232382
13,PR.AXIS_ASPECT_RATIO,0.11814826578581546
13,MAX.LENGTH_ASPECT_RATIO,0.05853919562087458
13,SCATTER_RATIO,0.146245106097778
13,ELONGATEDNESS,0.17604120677029592
13,PR.AXIS_RECTANGULARITY,0.08429002507477856
13,MAX.LENGTH_RECTANGULARITY,0.13111420962302878
13,SCALED_VARIANCE_MAJOR,0.06040978707891009
13,SCALED_VARIANCE_MINOR,0.18590790196412466
13,SCALED_RADIUS_OF_GYRATION,0.07730242261430731
13,SKEWNESS_ABOUT_MAJOR,0.19561034321490703
13,SKEWNESS_ABOUT_MINOR,0.010907997113575596
13,KURTOSIS_ABOUT_MAJOR,0.031450811845535664
13,KURTOSIS_ABOUT_MINOR,0.17044600741395136
13,HOLLOWS_RATIO,0.19850881871902806
14,COMPACTNESS,0.10736737746118467
14,CIRCULARITY,0.13475490424175088
14,DISTANCE_CIRCULARITY,0.17016497575365605
14,RADIUS_RATIO,0.23478984665164057
14,PR.AXIS_ASPECT_RATIO,0.13854298517197824
14,MAX.LENGTH_ASPECT_RATIO,0.013941282246938616
14,SCATTER_RATIO,0.12767906526416764
14,ELONGATEDNESS,0.1528621362936167
14,PR.AXIS_RECTANGULARITY,0.07774555915942583
14,MAX.LENGTH_RECTANGULARITY,0.16570915408175427
14,SCALED_VARIANCE_MAJOR,-0.020542302272406016
14,SCALED_VARIANCE_MINOR,0.13283866816459908
14,SCALED_RADIUS_OF_GYRATION,0.06071298548160953
14,SKEWNESS_ABOUT_MAJOR,0.17618215428469486
14,SKEWNESS_ABOUT_MINOR,-0.01227081432965782
14,KURTOSIS_ABOUT_MAJOR,0.06182661942609321
14,KURTOSIS_ABOUT_MINOR,0.20840122717726137
14,HOLLOWS_RATIO,0.19038415125982464
15,COMPACTNESS,0.13241729666875135
15,CIRCULARITY,0.10163749082178748
15,DISTANCE_CIRCULARITY,0.14020687613569063
15,RADIUS_RATIO,0.20502992536004963
15,PR.AXIS_ASPECT_RATIO,0.19742976714589033
15,MAX.LENGTH_ASPECT_RATIO,0.009464669026557146
15,SCATTER_RATIO,0.05396842109301111
15,ELONGATEDNESS,0.11387429591594955
15,PR.AXIS_RECTANGULARITY,0.051282226864871494
15,MAX.LENGTH_RECTANGULARITY,0.14492994773086432
15,SCALED_VARIANCE_MAJOR,0.015653539627130786
15,SCALED_VARIANCE_MINOR,0.08017678749879183
15,SCALED_RADIUS_OF_GYRATION,0.06133998484750047
15,SKEWNESS_ABOUT_MAJOR,0.17990665821367077
15,SKEWNESS_ABOUT_MINOR,-0.014654469106654097
15,KURTOSIS_ABOUT_MAJOR,0.0008434177778674501
15,KURTOSIS_ABOUT_MINOR,0.25195502733709435
15,HOLLOWS_RATIO,0.27807733066318846
16,COMPACTNESS,0.1562424215567878
16,CIRCULARITY,0.08684555561967566
16,DISTANCE_CIRCULARITY,0.23854685702008327
16,RADIUS_RATIO,0.2476042596689588
16,PR.AXIS_ASPECT_RATIO,0.1623474570302663
16,MAX.LENGTH_ASPECT_RATIO,0.021723278074947932
16,SCATTER_RATIO,0.10241226692582399
16,ELONGATEDNESS,0.14013940022560653
16,PR.AXIS_RECTANGULARITY,0.14734224350497946
16,MAX.LENGTH_RECTANGULARITY,0.18413301476397947
16,SCALED_VARIANCE_MAJOR,0.0475499581550772
16,SCALED_VARIANCE_MINOR,0.11825306029173388
16,SCALED_RADIUS_OF_GYRATION,0.12777766773306287
16,SKEWNESS_ABOUT_MAJOR,0.22831193876494296
16,SKEWNESS_ABOUT_MINOR,0.048248785691691075
16,KURTOSIS_ABOUT_MAJOR,0.054763482512982464
16,KURTOSIS_ABOUT_MINOR,0.18060441250327863
16,HOLLOWS_RATIO,0.2942780563753654
17,COMPACTNESS,0.09265021903400501
17,CIRCULARITY,0.12501896882688981
17,DISTANCE_CIRCULARITY,0.19701447795063795
17,RADIUS_RATIO,0.14904639677804818
17,PR.AXIS_ASPECT_RATIO,0.1099331077360453
17,MAX.LENGTH_ASPECT_RATIO,0.06962411333898404
17,SCATTER_RATIO,0.14310963162849136
17,ELONGATEDNESS,0.16706737320475776
17,PR.AXIS_RECTANGULARITY,0.11429546024265214
17,MAX.LENGTH_RECTANGULARITY,0.20274028560641832
17,SCALED_VARIANCE_MAJOR,0.07136579646299827
17,SCALED_VARIANCE_MINOR,0.16246191038366495
17,SCALED_RADIUS_OF_GYRATION,0.10878639902830815
17,SKEWNESS_ABOUT_MAJOR,0.12582888236945833
17,SKEWNESS_ABOUT_MINOR,-0.005784413489564932
17,KURTOSIS_ABOUT_MAJOR,0.024902324234394684
17,KURTOSIS_ABOUT_MINOR,0.156033355276995
17,HOLLOWS_RATIO,0.22579740119958078
18,COMPACTNESS,0.10871443821072661
18,CIRCULARITY,0.054910025123369954
18,DISTANCE_CIRCULARITY,0.15105916790302942
18,RADIUS_RATIO,0.2770163434668333
18,PR.AXIS_ASPECT_RATIO,0.1758031566383699
18,MAX.LENGTH_ASPECT_RATIO,0.037874891145008784
18,SCATTER_RATIO,0.10233657618997005
18,ELONGATEDNESS,0.09875464327099755
18,PR.AXIS_RECTANGULARITY,0.10502910198403403
18,MAX.LENGTH_RECTANGULARITY,0.14533172268931324
18,SCALED_VARIANCE_MAJOR,0.028127349978854316
18,SCALED_VARIANCE_MINOR,0.08846040509539314
18,SCALED_RADIUS_OF_GYRATION,0.08373082320133078
18,SKEWNESS_ABOUT_MAJOR,0.11692987959836487
18,SKEWNESS_ABOUT_MINOR,-0.00816064800152927
18,KURTOSIS_ABOUT_MAJOR,-0.030248888026085014
18,KURTOSIS_ABOUT_MINOR,0.12980577649028427
18,HOLLOWS_RATIO,0.16525408296298905
19,COMPACTNESS,0.1411951095346775
19,CIRCULARITY,0.12048685524552394
19,DISTANCE_CIRCULARITY,0.15663769694468785
19,RADIUS_RATIO,0.2542988010919131
19,PR.AXIS_ASPECT_RATIO,0.1526330007500302
19,MAX.LENGTH_ASPECT_RATIO,-0.0023026686721218104
19,SCATTER_RATIO,0.05079767215548403
19,ELONGATEDNESS,0.1649942760067873
19,PR.AXIS_RECTANGULARITY,0.0689619436649429
19,MAX.LENGTH_RECTANGULARITY,0.1557379034034004
19,SCALED_VARIANCE_MAJOR,-0.0010613625286776858
19,SCALED_VARIANCE_MINOR,0.09258139698852093
19,SCALED_RADIUS_OF_GYRATION,0.1242978169442825
19,SKEWNESS_ABOUT_MAJOR,0.16301029610508525
19,SKEWNESS_ABOUT_MINOR,0.02128872257726729
19,KURTOSIS_ABOUT_MAJOR,0.00021535470158536482
19,KURTOSIS_ABOUT_MINOR,0.10879563086492534
19,HOLLOWS_RATIO,0.2587631595523471
20,COMPACTNESS,0.08181492722723187
20,CIRCULARITY,0.08208272776505539
20,DISTANCE_CIRCULARITY,0.15194489177357964
20,RADIUS_RATIO,0.19095999265210095
20,PR.AXIS_ASPECT_RATIO,0.10207172412498074
20,MAX.LENGTH_ASPECT_RATIO,0.017471339106858424
20,SCATTER_RATIO,0.06672893410441501
20,ELONGATEDNESS,0.10482352924536098
20,PR.AXIS_RECTANGULARITY,0.09814727251590498
20,MAX.LENGTH_RECTANGULARITY,0.20278850769719062
20,SCALED_VARIANCE_MAJOR,0.023700509587405588
20,SCALED_VARIANCE_MINOR,0.09649320021184311
20,SCALED_RADIUS_OF_GYRATION,0.10880604484211713
20,SKEWNESS_ABOUT_MAJOR,0.116878319457225
20,SKEWNESS_ABOUT_MINOR,-0.028820268813694556
20,KURTOSIS_ABOUT_MAJOR,-0.016203088613389705
20,KURTOSIS_ABOUT_MINOR,0.1469309611504176
20,HOLLOWS_RATIO,0.1588639730099358
21,COMPACTNESS,0.14386822963914872
21,CIRCULARITY,0.14979064604788014
21,DISTANCE_CIRCULARITY,0.17856473741323664
21,RADIUS_RATIO,0.28057091609545903
21,PR.AXIS_ASPECT_RATIO,0.23106603169947723
21,MAX.LENGTH_ASPECT_RATIO,0.026727256496347034
21,SCATTER_RATIO,0.1568149072374223
21,ELONGATEDNESS,0.13809050574767737
21,PR.AXIS_RECTANGULARITY,0.13803812242263583
21,MAX.LENGTH_RECTANGULARITY,0.16028661121549892
21,SCALED_VARIANCE_MAJOR,0.015529068648004666
21,SCALED_VARIANCE_MINOR,0.21083816342805625
21,SCALED_RADIUS_OF_GYRATION,0.14886110754009307
21,SKEWNESS_ABOUT_MAJOR,0.16822790483582298
21,SKEWNESS_ABOUT_MINOR,0.03201284991557252
21,KURTOSIS_ABOUT_MAJOR,0.05504176540885212
21,KURTOSIS_ABOUT_MINOR,0.16163017533122104
21,HOLLOWS_RATIO,0.2643499219256457
22,COMPACTNESS,0.19571919755935252
22,CIRCULARITY,0.06579020760208172
22,DISTANCE_CIRCULARITY,0.17308240497655727
22,RADIUS_RATIO,0.2201252894457084
22,PR.AXIS_ASPECT_RATIO,0.1458789626270418
22,MAX.LENGTH_ASPECT_RATIO,0.015876062951245846
22,SCATTER_RATIO,0.08786921186654288
22,ELONGATEDNESS,0.18701774739966004
22,PR.AXIS_RECTANGULARITY,0.18583802625314907
22,MAX.LENGTH_RECTANGULARITY,0.17792189340135592
22,SCALED_VARIANCE_MAJOR,0.0881565219491387
22,SCALED_VARIANCE_MINOR,0.12095320211696303
22,SCALED_RADIUS_OF_GYRATION,0.1899271325863724
22,SKEWNESS_ABOUT_MAJOR,0.22970527110276204
22,SKEWNESS_ABOUT_MINOR,0.017626970892545907
22,KURTOSIS_ABOUT_MAJOR,0.0666165897511728
22,KURTOSIS_ABOUT_MINOR,0.23902660530546146
22,HOLLOWS_RATIO,0.25124275501226206
23,COMPACTNESS,0.1072649946801233
23,CIRCULARITY,0.18068857718637885
23,DISTANCE_CIRCULARITY,0.15510160934809133
23,RADIUS_RATIO,0.2576588803267812
23,PR.AXIS_ASPECT_RATIO,0.1962704390795712
23,MAX.LENGTH_ASPECT_RATIO,-0.0031413417048698675
23,SCATTER_RATIO,0.1526398093100416
23,ELONGATEDNESS,0.1993679915950667
23,PR.AXIS_RECTANGULARITY,0.03989682087170695
23,MAX.LENGTH_RECTANGULARITY,0.15317177578568833
23,SCALED_VARIANCE_MAJOR,0.011236800792955045
23,SCALED_VARIANCE_MINOR,0.19156826909543587
23,SCALED_RADIUS_OF_GYRATION,0.057694454099675774
23,SKEWNESS_ABOUT_MAJOR,0.17293924558506427
23,SKEWNESS_ABOUT_MINOR,0.002757908883830614
23,KURTOSIS_ABOUT_MAJOR,0.042075651312315575
23,KURTOSIS_ABOUT_MINOR,0.1746760781822856
23,HOLLOWS_RATIO,0.2617336465372102
24,COMPACTNESS,0.11552690627452038
24,CIRCULARITY,0.12217158158673373
24,DISTANCE_CIRCULARITY,0.17826286540051198
24,RADIUS_RATIO,0.23310309372482033
24,PR.AXIS_ASPECT_RATIO,0.20468791474226267
24,MAX.LENGTH_ASPECT_RATIO,0.00499570033112795
24,SCATTER_RATIO,0.0994671330253853
24,ELONGATEDNESS,0.1590430106300947
24,PR.AXIS_RECTANGULARITY,0.10611677670564672
24,MAX.LENGTH_RECTANGULARITY,0.13897332063230916
24,SCALED_VARIANCE_MAJOR,0.030656691115333794
24,SCALED_VARIANCE_MINOR,0.17470576057916667
24,SCALED_RADIUS_OF_GYRATION,0.12085368771875608
24,SKEWNESS_ABOUT_MAJOR,0.22925194259332238
24,SKEWNESS_ABOUT_MINOR,0.038795203445704494
24,KURTOSIS_ABOUT_MAJOR,0.025531379434843997
24,KURTOSIS_ABOUT_MINOR,0.18903561947716344
24,HOLLOWS_RATIO,0.25139812349395535
25,COMPACTNESS,0.1546905923997529
25,CIRCULARITY,0.09380211878590188
25,DISTANCE_CIRCULARITY,0.17160520049517827
25,RADIUS_RATIO,0.25755646810293215
25,PR.AXIS_ASPECT_RATIO,0.148939738741151
25,MAX.LENGTH_ASPECT_RATIO,0.0067087985981849245
25,SCATTER_RATIO,0.05574348410393152
25,ELONGATEDNESS,0.1540443673959959
25,PR.AXIS_RECTANGULARITY,0.13009498876355205
25,MAX.LENGTH_RECTANGULARITY,0.21800336933234724
25,SCALED_VARIANCE_MAJOR,0.020188915570800825
25,SCALED_VARIANCE_MINOR,0.11312297678232523
25,SCALED_RADIUS_OF_GYRATION,0.0733251084714781
25,SKEWNESS_ABOUT_MAJOR,0.15994288018459393
25,SKEWNESS_ABOUT_MINOR,-0.00665162410288674
25,KURTOSIS_ABOUT_MAJOR,-0.011020033159098533
25,KURTOSIS_ABOUT_MINOR,0.08530915308835196
25,HOLLOWS_RATIO,0.26272465481434665
26,COMPACTNESS,0.12024881154824811
26,CIRCULARITY,0.11876208623970601
26,DISTANCE_CIRCULARITY,0.19066427519548249
26,RADIUS_RATIO,0.15995156236285443
26,PR.AXIS_ASPECT_RATIO,0.12387355169451335
26,MAX.LENGTH_ASPECT_RATIO,0.0695398995644249
26,SCATTER_RATIO,0.15209547344579968
26,ELONGATEDNESS,0.15309633816537527
26,PR.AXIS_RECTANGULARITY,0.11130285043162429
26,MAX.LENGTH_RECTANGULARITY,0.1286905947401403
26,SCALED_VARIANCE_MAJOR,0.010678857864053573
26,SCALED_VARIANCE_MINOR,0.17995934616252537
26,SCALED_RADIUS_OF_GYRATION,0.08731149350598093
26,SKEWNESS_ABOUT_MAJOR,0.1616694520277385
26,SKEWNESS_ABOUT_MINOR,0.03207643012755349
26,KURTOSIS_ABOUT_MAJOR,0.034218418302067656
26,KURTOSIS_ABOUT_MINOR,0.22736871517975868
26,HOLLOWS_RATIO,0.2393643346223356
27,COMPACTNESS,0.17786802445742797
27,CIRCULARITY,0.09212594158966263
27,DISTANCE_CIRCULARITY,0.14669710165975214
27,RADIUS_RATIO,0.20383387510945053
27,PR.AXIS_ASPECT_RATIO,0.15664682322398918
27,MAX.LENGTH_ASPECT_RATIO,0.0377303783707148
27,SCATTER_RATIO,0.09922858236842551
27,ELONGATEDNESS,0.11307349120489034
27,PR.AXIS_RECTANGULARITY,0.10553521208222931
27,MAX.LENGTH_RECTANGULARITY,0.1614031519261189
27,SCALED_VARIANCE_MAJOR,-0.0033077922404863105
27,SCALED_VARIANCE_MINOR,0.10343435670727082
27,SCALED_RADIUS_OF_GYRATION,0.1376165401427543
27,SKEWNESS_ABOUT_MAJOR,0.17390323313100162
27,SKEWNESS_ABOUT_MINOR,0.022820418187948333
27,KURTOSIS_ABOUT_MAJOR,0.07304425173041185
27,KURTOSIS_ABOUT_MINOR,0.158627026934314
27,HOLLOWS_RATIO,0.2257544528079302
28,COMPACTNESS,0.1475244827307394
28,CIRCULARITY,0.1570469002466506
28,DISTANCE_CIRCULARITY,0.19747255559227608
28,RADIUS_RATIO,0.2771671360951932
28,PR.AXIS_ASPECT_RATIO,0.14043173258644048
28,MAX.LENGTH_ASPECT_RATIO,0.022007224224603255
28,SCATTER_RATIO,0.16744538696751654
28,ELONGATEDNESS,0.22462220004469544
28,PR.AXIS_RECTANGULARITY,0.1818895575706122
28,MAX.LENGTH_RECTANGULARITY,0.22567012371906434
28,SCALED_VARIANCE_MAJOR,0.0028231754764858432
28,SCALED_VARIANCE_MINOR,0.1549503744288286
28,SCALED_RADIUS_OF_GYRATION,0.19989741925695267
28,SKEWNESS_ABOUT_MAJOR,0.1649364425188966
28,SKEWNESS_ABOUT_MINOR,0.01041970611596251
28,KURTOSIS_ABOUT_MAJOR,0.02771323405140258
28,KURTOSIS_ABOUT_MINOR,0.1811791342672681
28,HOLLOWS_RATIO,0.3176538842971279
29,COMPACTNESS,0.11125249740928396
29,CIRCULARITY,0.1542809390198708
29,DISTANCE_CIRCULARITY,0.15830938455363677
29,RADIUS_RATIO,0.26532373347314836
29,PR.AXIS_ASPECT_RATIO,0.151174247368092
29,MAX.LENGTH_ASPECT_RATIO,0.02872669650888593
29,SCATTER_RATIO,0.09464286470185679
29,ELONGATEDNESS,0.15085705305444438
29,PR.AXIS_RECTANGULARITY,0.08901681326619355
29,MAX.LENGTH_RECTANGULARITY,0.09653487900362046
29,SCALED_VARIANCE_MAJOR,0.05647550408387192
29,SCALED_VARIANCE_MINOR,0.1556488529241328
29,SCALED_RADIUS_OF_GYRATION,0.07430001872880014
29,SKEWNESS_ABOUT_MAJOR,0.17847795630203298
29,SKEWNESS_ABOUT_MINOR,0.013983567954072703
29,KURTOSIS_ABOUT_MAJOR,0.016368101625444515
29,KURTOSIS_ABOUT_MINOR,0.10207883541275327
29,HOLLOWS_RATIO,0.31007593822228574
30,COMPACTNESS,0.10996806345912458
30,CIRCULARITY,0.08304965937746904
30,DISTANCE_CIRCULARITY,0.13495422736187687
30,RADIUS_RATIO,0.24860141038469938
30,PR.AXIS_ASPECT_RATIO,0.12753386814938883
30,MAX.LENGTH_ASPECT_RATIO,0.01135277327650693
30,SCATTER_RATIO,0.10856135689379758
30,ELONGATEDNESS,0.15686906105105916
30,PR.AXIS_RECTANGULARITY,0.1304390952403712
30,MAX.LENGTH_RECTANGULARITY,0.1271833847162461
30,SCALED_VARIANCE_MAJOR,0.010075500660965039
30,SCALED_VARIANCE_MINOR,0.15162499381378777
30,SCALED_RADIUS_OF_GYRATION,0.0689818989434295
30,SKEWNESS_ABOUT_MAJOR,0.148315017165863
30,SKEWNESS_ABOUT_MINOR,0.008202473658465085
30,KURTOSIS_ABOUT_MAJOR,0.02333152446595436
30,KURTOSIS_ABOUT_MINOR,0.1346185966674344
30,HOLLOWS_RATIO,0.24908302790297043
31,COMPACTNESS,0.12553124779865854
31,CIRCULARITY,0.08423161877439418
31,DISTANCE_CIRCULARITY,0.1298357415712271
31,RADIUS_RATIO,0.09686878280818734
31,PR.AXIS_ASPECT_RATIO,0.0781048738216465
31,MAX.LENGTH_ASPECT_RATIO,0.03569884825575657
31,SCATTER_RATIO,0.13711129665376384
31,ELONGATEDNESS,0.18833299146440544
31,PR.AXIS_RECTANGULARITY,0.12325845502653128
31,MAX.LENGTH_RECTANGULARITY,0.13280599801668058
31,SCALED_VARIANCE_MAJOR,0.0341174332422477
31,SCALED_VARIANCE_MINOR,0.15413820449610482
31,SCALED_RADIUS_OF_GYRATION,0.1016439193782096
31,SKEWNESS_ABOUT_MAJOR,0.1821194234215987
31,SKEWNESS_ABOUT_MINOR,0.04724563511160943
31,KURTOSIS_ABOUT_MAJOR,0.04311638460921963
31,KURTOSIS_ABOUT_MINOR,0.18219202687334188
31,HOLLOWS_RATIO,0.177314491096383
32,COMPACTNESS,0.04276950964415519
32,CIRCULARITY,0.06635540166545868
32,DISTANCE_CIRCULARITY,0.16509552912847644
32,RADIUS_RATIO,0.12318256608274902
32,PR.AXIS_ASPECT_RATIO,0.08533794308042748
32,MAX.LENGTH_ASPECT_RATIO,0.05718395355989766
32,SCATTER_RATIO,0.07434855070447192
32,ELONGATEDNESS,0.14508318366237524
32,PR.AXIS_RECTANGULARITY,0.0768769891468235
32,MAX.LENGTH_RECTANGULARITY,0.1262617737640486
32,SCALED_VARIANCE_MAJOR,0.04320641876037815
32,SCALED_VARIANCE_MINOR,0.06931521575616706
32,SCALED_RADIUS_OF_GYRATION,0.056401889300659556
32,SKEWNESS_ABOUT_MAJOR,0.205426421461419
32,SKEWNESS_ABOUT_MINOR,0.053981255057113854
32,KURTOSIS_ABOUT_MAJOR,0.013382174527332258
32,KURTOSIS_ABOUT_MINOR,0.12025460331265825
32,HOLLOWS_RATIO,0.18851154582285923
33,COMPACTNESS,0.16638300869282216
33,CIRCULARITY,0.11897850485546842
33,DISTANCE_CIRCULARITY,0.16508088951794117
33,RADIUS_RATIO,0.31319292057059034
33,PR.AXIS_ASPECT_RATIO,0.11012997531639301
33,MAX.LENGTH_ASPECT_RATIO,0.011505571526780297
33,SCATTER_RATIO,0.11828648840540279
33,ELONGATEDNESS,0.14975597560772072
33,PR.AXIS_RECTANGULARITY,0.07603616467525698
33,MAX.LENGTH_RECTANGULARITY,0.10059648193354687
33,SCALED_VARIANCE_MAJOR,0.02137188789536208
33,SCALED_VARIANCE_MINOR,0.14454889865358964
33,SCALED_RADIUS_OF_GYRATION,0.01787322411780734
33,SKEWNESS_ABOUT_MAJOR,0.174136423448203
33,SKEWNESS_ABOUT_MINOR,0.010172940174913029
33,KURTOSIS_ABOUT_MAJOR,-0.031549634989446705
33,KURTOSIS_ABOUT_MINOR,0.06540733464534872
33,HOLLOWS_RATIO,0.250094363979813
34,COMPACTNESS,0.09686366291590413
34,CIRCULARITY,0.04078436984649062
34,DISTANCE_CIRCULARITY,0.16431177948357314
34,RADIUS_RATIO,0.2479541530651972
34,PR.AXIS_ASPECT_RATIO,0.16212826111703513
34,MAX.LENGTH_ASPECT_RATIO,0.04530821971815413
34,SCATTER_RATIO,0.10226591469892769
34,ELONGATEDNESS,0.11510550987402528
34,PR.AXIS_RECTANGULARITY,0.06297445377840964
34,MAX.LENGTH_RECTANGULARITY,0.18410433332741014
34,SCALED_VARIANCE_MAJOR,-0.015238738194110887
34,SCALED_VARIANCE_MINOR,0.08815877308028315
34,SCALED_RADIUS_OF_GYRATION,0.14183188225833468
34,SKEWNESS_ABOUT_MAJOR,0.1759727373614517
34,SKEWNESS_ABOUT_MINOR,0.01895769198895821
34,KURTOSIS_ABOUT_MAJOR,0.025137469465149016
34,KURTOSIS_ABOUT_MINOR,0.17689352719910814
34,HOLLOWS_RATIO,0.17343227744586712
35,COMPACTNESS,0.10578493398345656
35,CIRCULARITY,0.1572696960277256
35,DISTANCE_CIRCULARITY,0.18578811067366552
35,RADIUS_RATIO,0.14171941420374778
35,PR.AXIS_ASPECT_RATIO,0.09497517522677557
35,MAX.LENGTH_ASPECT_RATIO,0.0463418141118489
35,SCATTER_RATIO,0.09315446105782221
35,ELONGATEDNESS,0.13841680502010414
35,PR.AXIS_RECTANGULARITY,0.0447997564388698
35,MAX.LENGTH_RECTANGULARITY,0.16947918264083064
35,SCALED_VARIANCE_MAJOR,0.04687765672092833
35,SCALED_VARIANCE_MINOR,0.11677640505300806
35,SCALED_RADIUS_OF_GYRATION,0.14472303754711266
35,SKEWNESS_ABOUT_MAJOR,0.09039164274702405
35,SKEWNESS_ABOUT_MINOR,0.02693262264255288
35,KURTOSIS_ABOUT_MAJOR,0.01775025802961135
35,KURTOSIS_ABOUT_MINOR,0.2412670819086745
35,HOLLOWS_RATIO,0.2791026011464887
36,COMPACTNESS,0.05732700455338365
36,CIRCULARITY,0.1114803780493387
36,DISTANCE_CIRCULARITY,0.11305902210521838
36,RADIUS_RATIO,0.12591819751215508
36,PR.AXIS_ASPECT_RATIO,0.09579598445984701
36,MAX.LENGTH_ASPECT_RATIO,0.02755677724504128
36,SCATTER_RATIO,0.1631175747227658
36,ELONGATEDNESS,0.1432598056363176
36,PR.AXIS_RECTANGULARITY,0.08660394468963317
36,MAX.LENGTH_RECTANGULARITY,0.10269594124922048
36,SCALED_VARIANCE_MAJOR,0.012998329510017706
36,SCALED_VARIANCE_MINOR,0.17192455650371632
36,SCALED_RADIUS_OF_GYRATION,0.13482578754566873
36,SKEWNESS_ABOUT_MAJOR,0.11995034709404621
36,SKEWNESS_ABOUT_MINOR,-0.01053920924876576
36,KURTOSIS_ABOUT_MAJOR,0.01070469304621402
36,KURTOSIS_ABOUT_MINOR,0.1794059496617331
36,HOLLOWS_RATIO,0.23199555466767255
37,COMPACTNESS,0.13565188065157882
37,CIRCULARITY,0.11142369944828993
37,DISTANCE_CIRCULARITY,0.17492117709022215
37,RADIUS_RATIO,0.16850907148127514
37,PR.AXIS_ASPECT_RATIO,0.10811175295717894
37,MAX.LENGTH_ASPECT_RATIO,0.024673930587892984
37,SCATTER_RATIO,0.17243137554639318
37,ELONGATEDNESS,0.15468199845566907
37,PR.AXIS_RECTANGULARITY,0.11921243854041856
37,MAX.LENGTH_RECTANGULARITY,0.16531685234174934
37,SCALED_VARIANCE_MAJOR,0.046774691603332884
37,SCALED_VARIANCE_MINOR,0.15864646747336394
37,SCALED_RADIUS_OF_GYRATION,0.11811832063062504
37,SKEWNESS_ABOUT_MAJOR,0.15224492680139323
37,SKEWNESS_ABOUT_MINOR,0.08041700290075104
37,KURTOSIS_ABOUT_MAJOR,0.03835884358692373
37,KURTOSIS_ABOUT_MINOR,0.2305708802419328
37,HOLLOWS_RATIO,0.24356935334646346
38,COMPACTNESS,0.15056274940910805
38,CIRCULARITY,0.13768403786979197
38,DISTANCE_CIRCULARITY,0.19358183469456794
38,RADIUS_RATIO,0.26626083561196795
38,PR.AXIS_ASPECT_RATIO,0.1777538607639876
38,MAX.LENGTH_ASPECT_RATIO,0.02624963571565216
38,SCATTER_RATIO,0.10212708737230798
38,ELONGATEDNESS,0.13570508542235618
38,PR.AXIS_RECTANGULARITY,0.12667378591264744
38,MAX.LENGTH_RECTANGULARITY,0.13229894535916428
38,SCALED_VARIANCE_MAJOR,0.04065737703829623
38,SCALED_VARIANCE_MINOR,0.14235499979459063
38,SCALED_RADIUS_OF_GYRATION,0.1076049546336529
38,SKEWNESS_ABOUT_MAJOR,0.18574271209575344
38,SKEWNESS_ABOUT_MINOR,0.038220077442596624
38,KURTOSIS_ABOUT_MAJOR,0.005404161713811788
38,KURTOSIS_ABOUT_MINOR,0.17479817076865023
38,HOLLOWS_RATIO,0.2835478132771649
39,COMPACTNESS,0.1184137206211376
39,CIRCULARITY,0.12770345851753764
39,DISTANCE_CIRCULARITY,0.1587763868055192
39,RADIUS_RATIO,0.20302248361983985
39,PR.AXIS_ASPECT_RATIO,0.17371365674262385
39,MAX.LENGTH_ASPECT_RATIO,0.05356204729333206
39,SCATTER_RATIO,0.11372492002979621
39,ELONGATEDNESS,0.1447646887099899
39,PR.AXIS_RECTANGULARITY,0.04907333286308024
39,MAX.LENGTH_RECTANGULARITY,0.17209498838093942
39,SCALED_VARIANCE_MAJOR,0.016713036858552743
39,SCALED_VARIANCE_MINOR,0.13940151314200913
39,SCALED_RADIUS_OF_GYRATION,0.08914860988659619
39,SKEWNESS_ABOUT_MAJOR,0.18138770069699225
39,SKEWNESS_ABOUT_MINOR,0.0038630545792472937
39,KURTOSIS_ABOUT_MAJOR,0.004961184174255544
39,KURTOSIS_ABOUT_MINOR,0.1978994211177931
39,HOLLOWS_RATIO,0.26331784864260516
40,COMPACTNESS,0.13781143050204428
40,CIRCULARITY,0.10485210932961171
40,DISTANCE_CIRCULARITY,0.21711825729238524
40,RADIUS_RATIO,0.17963846731675848
40,PR.AXIS_ASPECT_RATIO,0.09016375607133387
40,MAX.LENGTH_ASPECT_RATIO,0.05172342946252606
40,SCATTER_RATIO,0.1433904895915474
40,ELONGATEDNESS,0.17656502441484864
40,PR.AXIS_RECTANGULARITY,0.07171637939799184
40,MAX.LENGTH_RECTANGULARITY,0.14468697090243154
40,SCALED_VARIANCE_MAJOR,0.0211408555012359
40,SCALED_VARIANCE_MINOR,0.12230688946674173
40,SCALED_RADIUS_OF_GYRATION,0.08934590702499086
40,SKEWNESS_ABOUT_MAJOR,0.15720931968754268
40,SKEWNESS_ABOUT_MINOR,0.02672711176708109
40,KURTOSIS_ABOUT_MAJOR,-0.0003571620843854835
40,KURTOSIS_ABOUT_MINOR,0.13375428009599558
40,HOLLOWS_RATIO,0.30000456441251205
41,COMPACTNESS,0.08934749153928057
41,CIRCULARITY,0.052037354218262576
41,DISTANCE_CIRCULARITY,0.0877571600596403
41,RADIUS_RATIO,0.14190171436017138
41,PR.AXIS_ASPECT_RATIO,0.07716729905245612
41,MAX.LENGTH_ASPECT_RATIO,0.03569895106154516
41,SCATTER_RATIO,0.09019791502299683
41,ELONGATEDNESS,0.13398753853814574
41,PR.AXIS_RECTANGULARITY,0.06599579159858542
41,MAX.LENGTH_RECTANGULARITY,0.058943117071117025
41,SCALED_VARIANCE_MAJOR,0.04729827055392366
41,SCALED_VARIANCE_MINOR,0.09620117759679385
41,SCALED_RADIUS_OF_GYRATION,0.06078550267799717
41,SKEWNESS_ABOUT_MAJOR,0.11253834146351656
41,SKEWNESS_ABOUT_MINOR,0.002825564598574045
41,KURTOSIS_ABOUT_MAJOR,0.007199157992405114
41,KURTOSIS_ABOUT_MINOR,0.16584669878611713
41,HOLLOWS_RATIO,0.17469794148668705
42,COMPACTNESS,0.1022258853937809
42,CIRCULARITY,0.08398265109628618
42,DISTANCE_CIRCULARITY,0.09388631036298045
42,RADIUS_RATIO,0.26671269177467183
42,PR.AXIS_ASPECT_RATIO,0.12274404111425159
42,MAX.LENGTH_ASPECT_RATIO,0.036207440265801694
42,SCATTER_RATIO,0.09216934506533565
42,ELONGATEDNESS,0.11710009987489108
42,PR.AXIS_RECTANGULARITY,0.0914716452562434
42,MAX.LENGTH_RECTANGULARITY,0.12840302247538657
42,SCALED_VARIANCE_MAJOR,0.05388722026478554
42,SCALED_VARIANCE_MINOR,0.13212019721812754
42,SCALED_RADIUS_OF_GYRATION,0.08887760445873027
42,SKEWNESS_ABOUT_MAJOR,0.15327881542822422
42,SKEWNESS_ABOUT_MINOR,0.05413109486175401
42,KURTOSIS_ABOUT_MAJOR,0.017802600816538023
42,KURTOSIS_ABOUT_MINOR,0.1468959838601097
42,HOLLOWS_RATIO,0.2413765854420987
43,COMPACTNESS,0.180249283810941
43,CIRCULARITY,0.10873490424244096
43,DISTANCE_CIRCULARITY,0.19439892515391113
43,RADIUS_RATIO,0.21544935506051158
43,PR.AXIS_ASPECT_RATIO,0.12797426209661167
43,MAX.LENGTH_ASPECT_RATIO,0.04123506466597541
43,SCATTER_RATIO,0.1390972913183857
43,ELONGATEDNESS,0.17835953183883102
43,PR.AXIS_RECTANGULARITY,0.12488885517648218
43,MAX.LENGTH_RECTANGULARITY,0.17508045014009688
43,SCALED_VARIANCE_MAJOR,0.10509227840534689
43,SCALED_VARIANCE_MINOR,0.16562665414904565
43,SCALED_RADIUS_OF_GYRATION,0.14363328314262877
43,SKEWNESS_ABOUT_MAJOR,0.16989458793035583
43,SKEWNESS_ABOUT_MINOR,0.015360506859372439
43,KURTOSIS_ABOUT_MAJOR,0.024047111582562564
43,KURTOSIS_ABOUT_MINOR,0.19041864224402316
43,HOLLOWS_RATIO,0.2856163903506701
44,COMPACTNESS,0.11367516129902373
44,CIRCULARITY,0.07566905477855608
44,DISTANCE_CIRCULARITY,0.16339170369186515
44,RADIUS_RATIO,0.25631639044030974
44,PR.AXIS_ASPECT_RATIO,0.07638883161585246
44,MAX.LENGTH_ASPECT_RATIO,0.004530193227818298
44,SCATTER_RATIO,0.1236561976122118
44,ELONGATEDNESS,0.18728604782681457
44,PR.AXIS_RECTANGULARITY,0.11152076277147831
44,MAX.LENGTH_RECTANGULARITY,0.1386664043572924
44,SCALED_VARIANCE_MAJOR,0.013032661476681731
44,SCALED_VARIANCE_MINOR,0.14453150611306556
44,SCALED_RADIUS_OF_GYRATION,0.06589417154150556
44,SKEWNESS_ABOUT_MAJOR,0.11409958421444522
44,SKEWNESS_ABOUT_MINOR,-0.007650704162332156
44,KURTOSIS_ABOUT_MAJOR,-0.016389491641655745
44,KURTOSIS_ABOUT_MINOR,0.11920050713697639
44,HOLLOWS_RATIO,0.2046762027009298
45,COMPACTNESS,-0.013240909312977353
45,CIRCULARITY,0.0634526805507571
45,DISTANCE_CIRCULARITY,0.11483124583432207
45,RADIUS_RATIO,0.23253176943520878
45,PR.AXIS_ASPECT_RATIO,0.09170082400937789
45,MAX.LENGTH_ASPECT_RATIO,0.019468540617513058
45,SCATTER_RATIO,0.10788664997299628
45,ELONGATEDNESS,0.1689752472052787
45,PR.AXIS_RECTANGULARITY,0.05518917423311528
45,MAX.LENGTH_RECTANGULARITY,0.1093802425433286
45,SCALED_VARIANCE_MAJOR,0.0017278010255061445
45,SCALED_VARIANCE_MINOR,0.11395217301479614
45,SCALED_RADIUS_OF_GYRATION,0.057573124876296254
45,SKEWNESS_ABOUT_MAJOR,0.15353458652233432
45,SKEWNESS_ABOUT_MINOR,-0.01940932165049969
45,KURTOSIS_ABOUT_MAJOR,0.00018440101491205377
45,KURTOSIS_ABOUT_MINOR,0.08365072374477316
45,HOLLOWS_RATIO,0.18899821987730148
46,COMPACTNESS,0.10873182527444669
46,CIRCULARITY,0.10017102415584507
46,DISTANCE_CIRCULARITY,0.12769021392428426
46,RADIUS_RATIO,0.22227586145888623
46,PR.AXIS_ASPECT_RATIO,0.08944400914921309
46,MAX.LENGTH_ASPECT_RATIO,0.030525951039517607
46,SCATTER_RATIO,0.11078134238989368
46,ELONGATEDNESS,0.12030295594082215
46,PR.AXIS_RECTANGULARITY,0.10085801268042276
46,MAX.LENGTH_RECTANGULARITY,0.08896190348965012
46,SCALED_VARIANCE_MAJOR,0.006614797687156264
46,SCALED_VARIANCE_MINOR,0.13086255707265124
46,SCALED_RADIUS_OF_GYRATION,0.05023457998401289
46,SKEWNESS_ABOUT_MAJOR,0.24301707768867653
46,SKEWNESS_ABOUT_MINOR,-0.029740964104838657
46,KURTOSIS_ABOUT_MAJOR,0.012421309798264465
46,KURTOSIS_ABOUT_MINOR,0.11210127720289813
46,HOLLOWS_RATIO,0.18794966010842104
47,COMPACTNESS,0.08509337058187838
47,CIRCULARITY,0.17905576097300926
47,DISTANCE_CIRCULARITY,0.1365912714148034
47,RADIUS_RATIO,0.2980575296970111
47,PR.AXIS_ASPECT_RATIO,0.12256480948830373
47,MAX.LENGTH_ASPECT_RATIO,0.019226674409601352
47,SCATTER_RATIO,0.1488732600532231
47,ELONGATEDNESS,0.22703542035345006
47,PR.AXIS_RECTANGULARITY,0.05760152332621726
47,MAX.LENGTH_RECTANGULARITY,0.17891684513717046
47,SCALED_VARIANCE_MAJOR,0.08254711283754446
47,SCALED_VARIANCE_MINOR,0.14870540599220894
47,SCALED_RADIUS_OF_GYRATION,0.11486690007707138
47,SKEWNESS_ABOUT_MAJOR,0.24269031626060192
47,SKEWNESS_ABOUT_MINOR,0.019481450515199932
47,KURTOSIS_ABOUT_MAJOR,0.06890511322795871
47,KURTOSIS_ABOUT_MINOR,0.20033849818417437
47,HOLLOWS_RATIO,0.2655465522117408
48,COMPACTNESS,0.053460663133120034
48,CIRCULARITY,0.11662542825333522
48,DISTANCE_CIRCULARITY,0.17175689169560174
48,RADIUS_RATIO,0.08950457227735657
48,PR.AXIS_ASPECT_RATIO,0.15536702023218915
48,MAX.LENGTH_ASPECT_RATIO,0.042145167781434956
48,SCATTER_RATIO,0.07376038747373422
48,ELONGATEDNESS,0.18507184144086686
48,PR.AXIS_RECTANGULARITY,0.003614544535113636
48,MAX.LENGTH_RECTANGULARITY,0.1230906137917261
48,SCALED_VARIANCE_MAJOR,-0.014056464900197222
48,SCALED_VARIANCE_MINOR,0.08957259191347315
48,SCALED_RADIUS_OF_GYRATION,0.085548185443923
48,SKEWNESS_ABOUT_MAJOR,0.149860474674648
48,SKEWNESS_ABOUT_MINOR,-0.0011679828542889847
48,KURTOSIS_ABOUT_MAJOR,-0.01949568886608022
48,KURTOSIS_ABOUT_MINOR,0.1852831782468083
48,HOLLOWS_RATIO,0.18405680435687724
49,COMPACTNESS,0.12787706225462758
49,CIRCULARITY,0.035959606808829446
49,DISTANCE_CIRCULARITY,0.10775405085956653
49,RADIUS_RATIO,0.047750595630494476
49,PR.AXIS_ASPECT_RATIO,0.0972785648976963
49,MAX.LENGTH_ASPECT_RATIO,-0.001371529906339523
49,SCATTER_RATIO,0.09194796148413042
49,ELONGATEDNESS,0.10905550805395207
49,PR.AXIS_RECTANGULARITY,0.05255453015142767
49,MAX.LENGTH_RECTANGULARITY,0.1489701453822024
49,SCALED_VARIANCE_MAJOR,0.02797825181700242
49,SCALED_VARIANCE_MINOR,0.0911720846533665
49,SCALED_RADIUS_OF_GYRATION,0.09103333797901152
49,SKEWNESS_ABOUT_MAJOR,0.03384351971227817
49,SKEWNESS_ABOUT_MINOR,0.0108669669764531
49,KURTOSIS_ABOUT_MAJOR,0.030100375581314103
49,KURTOSIS_ABOUT_MINOR,0.13161753826809586
49,HOLLOWS_RATIO,0.15299126421797007
