split,repeat,fold,method,macro_f1,balanced_accuracy,train_seconds,predict_seconds,test_rows,params
0,0,0,centroid,0.3989846798670328,0.43333333333333335,0.00647910000407137,0.0016067000105977058,85,{}
0,0,0,knn,0.705327945001858,0.7060064935064935,0.004585400020005181,0.011298400000669062,85,{}
0,0,0,svm,0.8597943722943724,0.8597943722943724,3.305639099999098,0.0029322000045794994,85,"{""model__C"": 100, ""model__gamma"": 0.01}"
0,0,0,mlp,0.7092834960070986,0.718560606060606,4.532470800011652,0.0011605999898165464,85,"{""model__alpha"": 0.0001, ""model__hidden_layer_sizes"": [16], ""model__learning_rate_init"": 0.01}"
0,0,0,rbf,0.7475694444444444,0.7662337662337663,8.865001099999063,0.0029814000008627772,85,"{""model__alpha"": 0.001, ""model__n_centers"": 32, ""model__width"": 1}"
0,0,0,svm_linear,0.8021978021978022,0.8002164502164502,2.0145991999888793,0.002940499980468303,85,"{""model__C"": 100}"
0,0,0,svm_unscaled,0.7119380140241025,0.7299242424242425,5.078291799989529,0.005165899987332523,85,"{""model__C"": 100, ""model__gamma"": ""scale""}"
1,0,1,centroid,0.39894592340947854,0.44572510822510825,0.013503599999239668,0.006089100003009662,85,{}
1,0,1,knn,0.5624214429361488,0.5731601731601732,0.01526650000596419,0.014879900001687929,85,{}
1,0,1,svm,0.7856029856928317,0.7900432900432901,5.968376500008162,0.006819200003519654,85,"{""model__C"": 100, ""model__gamma"": 0.01}"
1,0,1,mlp,0.7989479512735327,0.801948051948052,8.231111100001726,0.0051506999880075455,85,"{""model__alpha"": 0.0001, ""model__hidden_layer_sizes"": [32, 16], ""model__learning_rate_init"": 0.01}"
1,0,1,rbf,0.7411887909865665,0.7542748917748918,11.253122399997665,0.003464300010818988,85,"{""model__alpha"": 0.001, ""model__n_centers"": 32, ""model__width"": 1}"
1,0,1,svm_linear,0.7308635131805864,0.7309523809523809,2.3357697000028566,0.004849699995247647,85,"{""model__C"": 10}"
1,0,1,svm_unscaled,0.7639817290552585,0.7775974025974026,5.5393503999803215,0.005815500015160069,85,"{""model__C"": 100, ""model__gamma"": ""scale""}"
2,0,2,centroid,0.5027894491129785,0.5116341991341992,0.01224850001744926,0.0032032000017352402,85,{}
2,0,2,knn,0.7827831890331891,0.7877705627705628,0.020913899992592633,0.031978099985281006,85,{}
2,0,2,svm,0.8939024390243903,0.895021645021645,6.729018699988956,0.01777469998341985,85,"{""model__C"": 100, ""model__gamma"": 0.01}"
2,0,2,mlp,0.8478896103896103,0.8489718614718615,6.707499399984954,0.002026100002694875,85,"{""model__alpha"": 0.01, ""model__hidden_layer_sizes"": [32], ""model__learning_rate_init"": 0.01}"
2,0,2,rbf,0.7443344878772884,0.7548160173160172,10.785114600002998,0.0026342000055592507,85,"{""model__alpha"": 0.001, ""model__n_centers"": 32, ""model__width"": 1}"
2,0,2,svm_linear,0.812421679197995,0.8138528138528138,2.1005710000172257,0.0120261000120081,85,"{""model__C"": 10}"
2,0,2,svm_unscaled,0.8199565135186235,0.8257575757575757,5.985852400015574,0.0050561000243760645,85,"{""model__C"": 100, ""model__gamma"": ""scale""}"
3,0,3,centroid,0.46532413350449287,0.47591991341991347,0.007427000004099682,0.005620100011583418,85,{}
3,0,3,knn,0.7050264829587378,0.7191017316017316,0.00998020000406541,0.009048600011738017,85,{}
3,0,3,svm,0.8211760461760462,0.8252164502164503,4.662739199993666,0.006169700005557388,85,"{""model__C"": 100, ""model__gamma"": 0.01}"
3,0,3,mlp,0.7957042408261921,0.800865800865801,6.609098200016888,0.0017155999958049506,85,"{""model__alpha"": 0.01, ""model__hidden_layer_sizes"": [32, 16], ""model__learning_rate_init"": 0.01}"
3,0,3,rbf,0.6757852077001013,0.6975108225108225,12.740949300001375,0.0027256000030320138,85,"{""model__alpha"": 0.001, ""model__n_centers"": 32, ""model__width"": 1}"
3,0,3,svm_linear,0.773223839741197,0.7786796536796536,1.7327266999927815,0.0015232000150717795,85,"{""model__C"": 10}"
3,0,3,svm_unscaled,0.7161330187619368,0.7316017316017316,7.408666800009087,0.014669900003354996,85,"{""model__C"": 100, ""model__gamma"": ""scale""}"
4,0,4,centroid,0.4348484848484849,0.4537878787878788,0.008527099998900667,0.0027768999862018973,85,{}
4,0,4,knn,0.698806452625302,0.700595238095238,0.01335069999913685,0.01843869997537695,85,{}
4,0,4,svm,0.8286848810104623,0.8284090909090909,3.536272600002121,0.005731999990530312,85,"{""model__C"": 100, ""model__gamma"": 0.01}"
4,0,4,mlp,0.7306784402867634,0.738095238095238,5.804229800007306,0.0014743999927304685,85,"{""model__alpha"": 0.01, ""model__hidden_layer_sizes"": [32], ""model__learning_rate_init"": 0.01}"
4,0,4,rbf,0.7316805534890641,0.7386363636363636,9.590754100005142,0.004593199992086738,85,"{""model__alpha"": 0.001, ""model__n_centers"": 32, ""model__width"": 1}"
4,0,4,svm_linear,0.8045035068290882,0.8068181818181818,1.5177520000142977,0.0015949999797157943,85,"{""model__C"": 1}"
4,0,4,svm_unscaled,0.699047619047619,0.7159090909090909,5.5860642999759875,0.0052890999941155314,85,"{""model__C"": 100, ""model__gamma"": ""scale""}"
5,0,5,centroid,0.3824920718816068,0.39188311688311683,0.006771399988792837,0.002483899996150285,85,{}
5,0,5,knn,0.7203765227021042,0.725,0.009272099996451288,0.011347899999236688,85,{}
5,0,5,svm,0.826887649195641,0.8284090909090909,3.879675300006056,0.004757199989398941,85,"{""model__C"": 100, ""model__gamma"": 0.01}"
5,0,5,mlp,0.7448202959830866,0.7471861471861472,5.377648900001077,0.0014809999847784638,85,"{""model__alpha"": 0.01, ""model__hidden_layer_sizes"": [32, 16], ""model__learning_rate_init"": 0.01}"
5,0,5,rbf,0.6910615979764916,0.7159090909090909,11.252868500014301,0.003200499981176108,85,"{""model__alpha"": 0.001, ""model__n_centers"": 32, ""model__width"": 1}"
5,0,5,svm_linear,0.7738266814486328,0.7840909090909091,1.36887839998235,0.0016260000120382756,85,"{""model__C"": 10}"
5,0,5,svm_unscaled,0.7587121212121213,0.7721861471861472,4.349192499998026,0.005579899996519089,85,"{""model__C"": 100, ""model__gamma"": ""scale""}"
6,0,6,centroid,0.36645210543233686,0.42299783549783554,0.005023799982154742,0.0018381999980192631,84,{}
6,0,6,knn,0.8212106352838618,0.8202380952380952,0.005382100003771484,0.014628199976868927,84,{}
6,0,6,svm,0.8799279294800012,0.8803571428571428,3.1112800000119023,0.0030584999767597765,84,"{""model__C"": 100, ""model__gamma"": 0.01}"
6,0,6,mlp,0.7688346883468834,0.7732142857142856,5.741060200001812,0.0014430999872274697,84,"{""model__alpha"": 0.0001, ""model__hidden_layer_sizes"": [32], ""model__learning_rate_init"": 0.01}"
6,0,6,rbf,0.7438917734436736,0.7494047619047619,10.154232100001536,0.0019521999929565936,84,"{""model__alpha"": 0.001, ""model__n_centers"": 32, ""model__width"": 1}"
6,0,6,svm_linear,0.791259449770088,0.7862012987012987,1.601541999989422,0.0021702000231016427,84,"{""model__C"": 10}"
6,0,6,svm_unscaled,0.7469345492727697,0.7488095238095237,4.941114599991124,0.0051042000122834,84,"{""model__C"": 100, ""model__gamma"": ""scale""}"
7,0,7,centroid,0.40078539777114863,0.4222402597402597,0.0070164999924600124,0.0022661999973934144,84,{}
7,0,7,knn,0.7107481610530391,0.7136904761904762,0.007488500006729737,0.009593700000550598,84,{}
7,0,7,svm,0.833675382588426,0.8326839826839827,3.8868579999834765,0.003397599997697398,84,"{""model__C"": 100, ""model__gamma"": 0.01}"
7,0,7,mlp,0.819149589628313,0.8213744588744589,5.556195400014985,0.002048599999397993,84,"{""model__alpha"": 0.0001, ""model__hidden_layer_sizes"": [32, 16], ""model__learning_rate_init"": 0.01}"
7,0,7,rbf,0.7572795421632631,0.7623917748917748,10.045818999991752,0.002225100004579872,84,"{""model__alpha"": 0.001, ""model__n_centers"": 32, ""model__width"": 1}"
7,0,7,svm_linear,0.8177781041911476,0.8213744588744589,1.8697038000100292,0.00201650001690723,84,"{""model__C"": 1}"
7,0,7,svm_unscaled,0.8047535690667911,0.8094696969696971,5.0398747000144795,0.0065790999797172844,84,"{""model__C"": 100, ""model__gamma"": ""scale""}"
8,0,8,centroid,0.4118693785081491,0.43257575757575756,0.005011400004150346,0.002004099980695173,84,{}
8,0,8,knn,0.7090341828713922,0.7136363636363636,0.009806300018681213,0.013531199976569042,84,{}
8,0,8,svm,0.8396464646464648,0.8451839826839826,3.6981446999998298,0.0053081999940332025,84,"{""model__C"": 100, ""model__gamma"": ""scale""}"
8,0,8,mlp,0.8172884515673486,0.8213744588744589,5.36060310000903,0.001667799981078133,84,"{""model__alpha"": 0.01, ""model__hidden_layer_sizes"": [32, 16], ""model__learning_rate_init"": 0.01}"
8,0,8,rbf,0.7391780363216157,0.7499458874458875,8.05297179997433,0.0020266000065021217,84,"{""model__alpha"": 0.001, ""model__n_centers"": 32, ""model__width"": 1}"
8,0,8,svm_linear,0.8306804983634252,0.8332792207792208,1.5986298999923747,0.0019964000093750656,84,"{""model__C"": 1}"
8,0,8,svm_unscaled,0.7461612662998116,0.7613095238095238,5.255715600011172,0.0037038000009488314,84,"{""model__C"": 100, ""model__gamma"": ""scale""}"
9,0,9,centroid,0.48272642390289444,0.4975222146274778,0.004799999995157123,0.0013161000097170472,84,{}
9,0,9,knn,0.6982513054321565,0.7051150603782183,0.004353899974375963,0.010876900021685287,84,{}
9,0,9,svm,0.8234355752648436,0.8262987012987013,3.8027830999926664,0.006237800000235438,84,"{""model__C"": 100, ""model__gamma"": 0.01}"
9,0,9,mlp,0.8597826086956522,0.8598484848484849,5.095870500023011,0.001859900017734617,84,"{""model__alpha"": 0.01, ""model__hidden_layer_sizes"": [32, 16], ""model__learning_rate_init"": 0.01}"
9,0,9,rbf,0.718188894654904,0.7321428571428572,7.873972799978219,0.0050540000083856285,84,"{""model__alpha"": 0.001, ""model__n_centers"": 32, ""model__width"": 1}"
9,0,9,svm_linear,0.818384514036688,0.8246753246753247,1.493144600011874,0.001693999976851046,84,"{""model__C"": 10}"
9,0,9,svm_unscaled,0.7713829690700267,0.7786796536796536,5.048185999999987,0.006399699981557205,84,"{""model__C"": 100, ""model__gamma"": ""scale""}"
10,1,0,centroid,0.37686823652296797,0.39404761904761904,0.004376199998660013,0.0018638000183273107,85,{}
10,1,0,knn,0.7171311162716623,0.719047619047619,0.006177199975354597,0.013063100021099672,85,{}
10,1,0,svm,0.8603896103896105,0.8603896103896105,4.032252199976938,0.004579800006467849,85,"{""model__C"": 100, ""model__gamma"": 0.01}"
10,1,0,mlp,0.7841591033080395,0.79004329004329,5.802412299992284,0.0010937000042758882,85,"{""model__alpha"": 0.01, ""model__hidden_layer_sizes"": [32], ""model__learning_rate_init"": 0.01}"
10,1,0,rbf,0.7307437046113004,0.7440476190476191,8.157155399996554,0.0031670999887865037,85,"{""model__alpha"": 0.001, ""model__n_centers"": 32, ""model__width"": 1}"
10,1,0,svm_linear,0.7493993993993995,0.7537337662337662,1.811673799995333,0.002287699986482039,85,"{""model__C"": 100}"
10,1,0,svm_unscaled,0.7743577075098814,0.7786796536796536,4.827051500004018,0.005584500002441928,85,"{""model__C"": 100, ""model__gamma"": ""scale""}"
11,1,1,centroid,0.47736314061407925,0.50254329004329,0.004286399984266609,0.0013532000011764467,85,{}
11,1,1,knn,0.6850798342203802,0.6957792207792208,0.007783299981383607,0.009532900003250688,85,{}
11,1,1,svm,0.8580530918945553,0.8603354978354978,3.663680599973304,0.004030200012493879,85,"{""model__C"": 100, ""model__gamma"": 0.01}"
11,1,1,mlp,0.7819577624936573,0.789448051948052,4.400101400009589,0.0017027999856509268,85,"{""model__alpha"": 0.01, ""model__hidden_layer_sizes"": [32], ""model__learning_rate_init"": 0.01}"
11,1,1,rbf,0.7286725501011215,0.7406385281385282,9.884082699980354,0.003272300004027784,85,"{""model__alpha"": 0.001, ""model__n_centers"": 32, ""model__width"": 1}"
11,1,1,svm_linear,0.762506781918173,0.7667207792207793,2.721125000010943,0.004570500022964552,85,"{""model__C"": 10}"
11,1,1,svm_unscaled,0.7066905316905318,0.7196428571428571,6.076565099996515,0.004441400000359863,85,"{""model__C"": 100, ""model__gamma"": ""scale""}"
12,1,2,centroid,0.41811664850605035,0.4435064935064935,0.0049159000045619905,0.0014093999925535172,85,{}
12,1,2,knn,0.6911142152421224,0.7066558441558441,0.0067817000090144575,0.012020099995424971,85,{}
12,1,2,svm,0.821188630490956,0.8252164502164503,3.6307253999984823,0.00688650002120994,85,"{""model__C"": 100, ""model__gamma"": 0.01}"
12,1,2,mlp,0.7673473869126043,0.7770021645021645,5.116828500002157,0.004886999988229945,85,"{""model__alpha"": 0.01, ""model__hidden_layer_sizes"": [16], ""model__learning_rate_init"": 0.01}"
12,1,2,rbf,0.7313880941840003,0.7451298701298701,7.668821400002344,0.0034659000230021775,85,"{""model__alpha"": 0.001, ""model__n_centers"": 32, ""model__width"": 1}"
12,1,2,svm_linear,0.7958566296626421,0.8024891774891775,1.7293019999924581,0.0024747000134084374,85,"{""model__C"": 10}"
12,1,2,svm_unscaled,0.7430862680862681,0.7548701298701299,4.917737300012959,0.004618799983290955,85,"{""model__C"": 100, ""model__gamma"": ""scale""}"
13,1,3,centroid,0.550432319618366,0.5689935064935064,0.008478000003378838,0.003611099993577227,85,{}
13,1,3,knn,0.7226913248652379,0.7310064935064935,0.007316599978366867,0.010475399991264567,85,{}
13,1,3,svm,0.8698579261540124,0.8716991341991343,3.515492600010475,0.003488899994408712,85,"{""model__C"": 100, ""model__gamma"": 0.01}"
13,1,3,mlp,0.8106984478935698,0.8127164502164501,4.7345512000028975,0.0015094999980647117,85,"{""model__alpha"": 0.0001, ""model__hidden_layer_sizes"": [32], ""model__learning_rate_init"": 0.01}"
13,1,3,rbf,0.7821507760532151,0.7911255411255411,8.07209060000605,0.0027774999907705933,85,"{""model__alpha"": 0.001, ""model__n_centers"": 32, ""model__width"": 1}"
13,1,3,svm_linear,0.8484143763213531,0.8472943722943723,1.4641227999818511,0.002814900013618171,85,"{""model__C"": 1}"
13,1,3,svm_unscaled,0.7861788617886178,0.7883116883116883,5.339135199988959,0.003863599995383993,85,"{""model__C"": 100, ""model__gamma"": ""scale""}"
14,1,4,centroid,0.4470668403595233,0.4662337662337662,0.011517399980220944,0.0034749000042211264,85,{}
14,1,4,knn,0.6014190821256038,0.6062770562770563,0.005000700009986758,0.010087699978612363,85,{}
14,1,4,svm,0.8249746707193515,0.8295454545454546,3.5674511000106577,0.004737299983389676,85,"{""model__C"": 100, ""model__gamma"": 0.01}"
14,1,4,mlp,0.7884615384615384,0.7954545454545454,5.0349403000145685,0.004875799990259111,85,"{""model__alpha"": 0.01, ""model__hidden_layer_sizes"": [16], ""model__learning_rate_init"": 0.01}"
14,1,4,rbf,0.7130248273186447,0.7267316017316017,7.925960200023837,0.002052800002275035,85,"{""model__alpha"": 0.001, ""model__n_centers"": 32, ""model__width"": 1}"
14,1,4,svm_linear,0.7397269397269397,0.7494588744588744,1.9677303000062238,0.002679999975953251,85,"{""model__C"": 10}"
14,1,4,svm_unscaled,0.7178244051320317,0.7386363636363636,5.230253500019899,0.006695799995213747,85,"{""model__C"": 100, ""model__gamma"": ""scale""}"
15,1,5,centroid,0.42237221842485,0.44242424242424244,0.006929600000148639,0.0021815999934915453,85,{}
15,1,5,knn,0.7414221269125212,0.7477272727272727,0.004513799998676404,0.010867099976167083,85,{}
15,1,5,svm,0.8400012604777211,0.8403679653679654,4.081627700012177,0.006073299999115989,85,"{""model__C"": 100, ""model__gamma"": 0.01}"
15,1,5,mlp,0.7037124060150375,0.7153679653679653,5.160466600005748,0.003999900014605373,85,"{""model__alpha"": 0.01, ""model__hidden_layer_sizes"": [32], ""model__learning_rate_init"": 0.01}"
15,1,5,rbf,0.7159122278687495,0.7380952380952381,7.399072599975625,0.00291880001896061,85,"{""model__alpha"": 0.001, ""model__n_centers"": 32, ""model__width"": 1}"
15,1,5,svm_linear,0.7946220446220447,0.7926406926406926,1.933403700008057,0.0030574999982491136,85,"{""model__C"": 10}"
15,1,5,svm_unscaled,0.7525978220745664,0.7608225108225108,5.162691999983508,0.006743400008417666,85,"{""model__C"": 100, ""model__gamma"": ""scale""}"
16,1,6,centroid,0.40895918115673946,0.41948051948051945,0.007417400018312037,0.0013657000090461224,84,{}
16,1,6,knn,0.7057583226724266,0.7136363636363636,0.0054438000079244375,0.012706499983323738,84,{}
16,1,6,svm,0.8434430959142127,0.8451839826839826,3.7760895999963395,0.0034103999787475914,84,"{""model__C"": 100, ""model__gamma"": 0.01}"
16,1,6,mlp,0.718188894654904,0.725,4.543227100017248,0.001795399992261082,84,"{""model__alpha"": 0.0001, ""model__hidden_layer_sizes"": [32], ""model__learning_rate_init"": 0.01}"
16,1,6,rbf,0.6901371977206153,0.7017316017316018,9.994966700003715,0.002961899997899309,84,"{""model__alpha"": 0.001, ""model__n_centers"": 32, ""model__width"": 1}"
16,1,6,svm_linear,0.8282868234087746,0.8333333333333333,2.3777040999848396,0.0018244000093545765,84,"{""model__C"": 10}"
16,1,6,svm_unscaled,0.7496808523097704,0.7619047619047619,5.244791699980851,0.0038579000101890415,84,"{""model__C"": 100, ""model__gamma"": ""scale""}"
17,1,7,centroid,0.49788735673744877,0.5154761904761904,0.006158500007586554,0.001587100006872788,84,{}
17,1,7,knn,0.7043168527379053,0.7130952380952381,0.008228199993027374,0.013172599981771782,84,{}
17,1,7,svm,0.8786549707602339,0.8809523809523809,3.7170623000129126,0.003794300020672381,84,"{""model__C"": 100, ""model__gamma"": ""scale""}"
17,1,7,mlp,0.7043624862773799,0.7148268398268398,5.785700700012967,0.0018862000142689794,84,"{""model__alpha"": 0.01, ""model__hidden_layer_sizes"": [32, 16], ""model__learning_rate_init"": 0.01}"
17,1,7,rbf,0.7630556648308419,0.7857142857142857,7.4437214999925345,0.0026584999868646264,84,"{""model__alpha"": 0.001, ""model__n_centers"": 32, ""model__width"": 1}"
17,1,7,svm_linear,0.7891560132059281,0.7862012987012987,1.473134800005937,0.002238099987152964,84,"{""model__C"": 10}"
17,1,7,svm_unscaled,0.7613717457380732,0.7738095238095238,5.048655899998266,0.00623449997510761,84,"{""model__C"": 100, ""model__gamma"": ""scale""}"
18,1,8,centroid,0.3707139794168096,0.398538961038961,0.00481670000590384,0.0017136000096797943,84,{}
18,1,8,knn,0.676174130979623,0.6778679653679653,0.013678499992238358,0.017723599972669035,84,{}
18,1,8,svm,0.7719171072829609,0.7754329004329004,3.582895200001076,0.0034048999950755388,84,"{""model__C"": 100, ""model__gamma"": 0.01}"
18,1,8,mlp,0.7831268712141499,0.7873376623376623,6.324147700011963,0.003288699983386323,84,"{""model__alpha"": 0.0001, ""model__hidden_layer_sizes"": [32, 16], ""model__learning_rate_init"": 0.01}"
18,1,8,rbf,0.688967531738007,0.704004329004329,10.765468199999304,0.0030445999873336405,84,"{""model__alpha"": 0.001, ""model__n_centers"": 32, ""model__width"": 1}"
18,1,8,svm_linear,0.7695887445887446,0.7737554112554113,1.625891200004844,0.002067500026896596,84,"{""model__C"": 10}"
18,1,8,svm_unscaled,0.790311273773432,0.7970238095238096,4.919856200023787,0.0038727000064682215,84,"{""model__C"": 100, ""model__gamma"": ""scale""}"
19,1,9,centroid,0.42565917329373837,0.46701982228298017,0.005994000006467104,0.002432299981592223,84,{}
19,1,9,knn,0.7697449724750028,0.7635566188197767,0.00810289999935776,0.012292100000195205,84,{}
19,1,9,svm,0.8718022769073414,0.8715823650034177,3.6557286999886855,0.008241400006227195,84,"{""model__C"": 100, ""model__gamma"": 0.01}"
19,1,9,mlp,0.81982101216361,0.8252164502164503,5.15865379999741,0.0014587999903596938,84,"{""model__alpha"": 0.0001, ""model__hidden_layer_sizes"": [32], ""model__learning_rate_init"": 0.01}"
19,1,9,rbf,0.7249325442593273,0.7429653679653679,7.638266800000565,0.005490999988978729,84,"{""model__alpha"": 0.001, ""model__n_centers"": 32, ""model__width"": 1}"
19,1,9,svm_linear,0.8133571854502087,0.8143939393939393,1.7208438999950886,0.0016721999854780734,84,"{""model__C"": 10}"
19,1,9,svm_unscaled,0.706158896183376,0.7207792207792207,4.816471300000558,0.003770300012547523,84,"{""model__C"": 100, ""model__gamma"": ""scale""}"
20,2,0,centroid,0.41490127397845744,0.4570887445887446,0.018847100000130013,0.0033107000053860247,85,{}
20,2,0,knn,0.7218478353463187,0.7183982683982684,0.009260499995434657,0.00956229999428615,85,{}
20,2,0,svm,0.7882571534745448,0.7883116883116883,3.8865978000103496,0.004375999997137114,85,"{""model__C"": 100, ""model__gamma"": 0.01}"
20,2,0,mlp,0.8116937974080831,0.8099025974025974,5.146536299987929,0.0022508999973069876,85,"{""model__alpha"": 0.01, ""model__hidden_layer_sizes"": [32, 16], ""model__learning_rate_init"": 0.01}"
20,2,0,rbf,0.698311184939092,0.7088203463203464,8.069034599990118,0.0018242000078316778,85,"{""model__alpha"": 0.001, ""model__n_centers"": 32, ""model__width"": 1}"
20,2,0,svm_linear,0.720855694692904,0.7195346320346321,1.999522900005104,0.001736099977279082,85,"{""model__C"": 100}"
20,2,0,svm_unscaled,0.6925659029317566,0.6979978354978356,4.915003200003412,0.004979099991032854,85,"{""model__C"": 100, ""model__gamma"": ""scale""}"
21,2,1,centroid,0.42407407407407405,0.44177489177489176,0.005719699984183535,0.0021455000096466392,85,{}
21,2,1,knn,0.710765042451089,0.7185064935064935,0.0065627000003587455,0.013481900008628145,85,{}
21,2,1,svm,0.8592610121963496,0.8591991341991342,3.550786200008588,0.005448399984743446,85,"{""model__C"": 100, ""model__gamma"": 0.01}"
21,2,1,mlp,0.7542826572179946,0.7547619047619047,4.540983399987454,0.002539200009778142,85,"{""model__alpha"": 0.01, ""model__hidden_layer_sizes"": [32, 16], ""model__learning_rate_init"": 0.01}"
21,2,1,rbf,0.6707966281137012,0.6838203463203463,7.76581690000603,0.0026925000129267573,85,"{""model__alpha"": 0.001, ""model__n_centers"": 32, ""model__width"": 1}"
21,2,1,svm_linear,0.802431289640592,0.8012987012987013,1.5670498000108637,0.0017593000084161758,85,"{""model__C"": 10}"
21,2,1,svm_unscaled,0.746765411590993,0.7559523809523809,4.891225500003202,0.003627700003562495,85,"{""model__C"": 100, ""model__gamma"": ""scale""}"
22,2,2,centroid,0.3270712046574116,0.37537878787878787,0.006162200006656349,0.002369399997405708,85,{}
22,2,2,knn,0.6661817096599705,0.65995670995671,0.007681099988985807,0.011691000021528453,85,{}
22,2,2,svm,0.8451650652870164,0.8484848484848484,3.5445662999991328,0.0031698999810032547,85,"{""model__C"": 100, ""model__gamma"": 0.01}"
22,2,2,mlp,0.742848887785825,0.7543290043290043,5.134071499982383,0.004511200007982552,85,"{""model__alpha"": 0.01, ""model__hidden_layer_sizes"": [32, 16], ""model__learning_rate_init"": 0.01}"
22,2,2,rbf,0.7664311878597594,0.7792207792207793,7.699176900001476,0.003866100014420226,85,"{""model__alpha"": 0.001, ""model__n_centers"": 32, ""model__width"": 1}"
22,2,2,svm_linear,0.8250494071146245,0.8252164502164503,2.725264499982586,0.004065899993292987,85,"{""model__C"": 10}"
22,2,2,svm_unscaled,0.7415460351691048,0.7531926406926406,4.684370100003434,0.0037854999827686697,85,"{""model__C"": 100, ""model__gamma"": ""scale""}"
23,2,3,centroid,0.46348039215686276,0.4775974025974026,0.005369599995901808,0.0014689999807160348,85,{}
23,2,3,knn,0.6169172932330826,0.6242424242424243,0.008294500003103167,0.009384200006024912,85,{}
23,2,3,svm,0.8369256948383437,0.8376623376623377,4.083239899977343,0.005229900008998811,85,"{""model__C"": 100, ""model__gamma"": 0.01}"
23,2,3,mlp,0.8653310104529617,0.8701298701298701,8.65497570001753,0.0010813999979291111,85,"{""model__alpha"": 0.0001, ""model__hidden_layer_sizes"": [32, 16], ""model__learning_rate_init"": 0.01}"
23,2,3,rbf,0.6941949884685834,0.7104978354978355,8.203471499989973,0.002477700007148087,85,"{""model__alpha"": 0.001, ""model__n_centers"": 32, ""model__width"": 1}"
23,2,3,svm_linear,0.7801890690610203,0.7792207792207791,1.269579000014346,0.0016062000067904592,85,"{""model__C"": 10}"
23,2,3,svm_unscaled,0.7661616161616163,0.7803030303030303,3.7995276000001468,0.004535499989287928,85,"{""model__C"": 100, ""model__gamma"": ""scale""}"
24,2,4,centroid,0.4362827801210343,0.45211038961038963,0.004304200003389269,0.001361300004646182,85,{}
24,2,4,knn,0.7153455284552845,0.725,0.006097499979659915,0.00989870002376847,85,{}
24,2,4,svm,0.8617236024844721,0.8625,3.0887982999847736,0.003370799997355789,85,"{""model__C"": 100, ""model__gamma"": 0.01}"
24,2,4,mlp,0.6913550691594468,0.7142316017316017,3.9361883999954443,0.0019356999837327749,85,"{""model__alpha"": 0.01, ""model__hidden_layer_sizes"": [32, 16], ""model__learning_rate_init"": 0.01}"
24,2,4,rbf,0.7423032469843585,0.7613636363636364,6.879309899988584,0.002655299991602078,85,"{""model__alpha"": 0.001, ""model__n_centers"": 32, ""model__width"": 1}"
24,2,4,svm_linear,0.8502757901013716,0.8511363636363636,1.3183248999994248,0.001504699990618974,85,"{""model__C"": 10}"
24,2,4,svm_unscaled,0.731354765492735,0.725108225108225,3.7485611000156496,0.00541529999463819,85,"{""model__C"": 10, ""model__gamma"": 0.001}"
25,2,5,centroid,0.4952264048008729,0.4963203463203463,0.004144300008192658,0.0016699999978300184,85,{}
25,2,5,knn,0.754064375340971,0.7602272727272728,0.005351400002837181,0.008976099983556196,85,{}
25,2,5,svm,0.8395833333333333,0.8409090909090908,2.9296205999853555,0.003782700019655749,85,"{""model__C"": 100, ""model__gamma"": 0.01}"
25,2,5,mlp,0.7124400147655962,0.7159090909090909,5.159139099996537,0.0012280000082682818,85,"{""model__alpha"": 0.01, ""model__hidden_layer_sizes"": [32, 16], ""model__learning_rate_init"": 0.01}"
25,2,5,rbf,0.736527293844367,0.75,7.7000472000218,0.002520899986848235,85,"{""model__alpha"": 0.001, ""model__n_centers"": 32, ""model__width"": 1}"
25,2,5,svm_linear,0.778310276679842,0.7840909090909091,1.598535199998878,0.0018081999733112752,85,"{""model__C"": 10}"
25,2,5,svm_unscaled,0.7559523809523809,0.7613636363636364,4.037221399979899,0.0046033000107854605,85,"{""model__C"": 100, ""model__gamma"": ""scale""}"
26,2,6,centroid,0.44493839493839493,0.4569805194805195,0.005655900022247806,0.0015977000002749264,84,{}
26,2,6,knn,0.7393066348576316,0.7499458874458875,0.006992300011916086,0.009884900005999953,84,{}
26,2,6,svm,0.8808848553601816,0.8814935064935066,2.9691862000036053,0.0036091000074520707,84,"{""model__C"": 100, ""model__gamma"": ""scale""}"
26,2,6,mlp,0.7379669394700591,0.7385822510822511,4.72065279999515,0.001209900015965104,84,"{""model__alpha"": 0.01, ""model__hidden_layer_sizes"": [32, 16], ""model__learning_rate_init"": 0.01}"
26,2,6,rbf,0.7526471389115805,0.7624458874458875,7.28634679998504,0.001891699997941032,84,"{""model__alpha"": 0.001, ""model__n_centers"": 32, ""model__width"": 1}"
26,2,6,svm_linear,0.795510876046771,0.7970238095238096,1.5899529000162147,0.002267300005769357,84,"{""model__C"": 1}"
26,2,6,svm_unscaled,0.7948815073815074,0.7970238095238096,3.9493625999893993,0.004644300002837554,84,"{""model__C"": 100, ""model__gamma"": ""scale""}"
27,2,7,centroid,0.42313925112483797,0.44561688311688313,0.006076299992855638,0.0015405000012833625,84,{}
27,2,7,knn,0.680661306008207,0.6898268398268398,0.006255399988731369,0.009979099995689467,84,{}
27,2,7,svm,0.8390504423113119,0.8457792207792207,3.74555419999524,0.0039594999980181456,84,"{""model__C"": 100, ""model__gamma"": 0.01}"
27,2,7,mlp,0.7140524492825334,0.7272727272727273,4.739995499985525,0.0011373000161256641,84,"{""model__alpha"": 0.0001, ""model__hidden_layer_sizes"": [32, 16], ""model__learning_rate_init"": 0.01}"
27,2,7,rbf,0.7422178275836813,0.7499458874458875,7.781330899975728,0.0029372000135481358,84,"{""model__alpha"": 0.001, ""model__n_centers"": 32, ""model__width"": 1}"
27,2,7,svm_linear,0.7820568864020516,0.7867965367965368,1.4680832999874838,0.0016651999903842807,84,"{""model__C"": 1}"
27,2,7,svm_unscaled,0.7361770795274631,0.7505411255411255,3.9818543000146747,0.0036686999956145883,84,"{""model__C"": 100, ""model__gamma"": ""scale""}"
28,2,8,centroid,0.5137119735714196,0.5295995670995671,0.00653829998918809,0.0015321999962907284,84,{}
28,2,8,knn,0.7470322940706215,0.7607142857142857,0.00867030001245439,0.006930799980182201,84,{}
28,2,8,svm,0.8679909560723514,0.8690476190476191,2.9772394000028726,0.0029061000095680356,84,"{""model__C"": 100, ""model__gamma"": 0.01}"
28,2,8,mlp,0.7940189891409404,0.7976190476190476,4.2521555999992415,0.001424999994924292,84,"{""model__alpha"": 0.0001, ""model__hidden_layer_sizes"": [32, 16], ""model__learning_rate_init"": 0.01}"
28,2,8,rbf,0.7479872756161937,0.7619047619047619,7.9201058999751695,0.0025126000109594315,84,"{""model__alpha"": 0.001, ""model__n_centers"": 32, ""model__width"": 1}"
28,2,8,svm_linear,0.8180938494167551,0.8208333333333333,1.3528810999996495,0.0016123999957926571,84,"{""model__C"": 1}"
28,2,8,svm_unscaled,0.7359558316080055,0.75,3.9878667000157293,0.005641299998387694,84,"{""model__C"": 100, ""model__gamma"": ""scale""}"
29,2,9,centroid,0.5232708138334894,0.5305308726361357,0.0061341999971773475,0.0020634999964386225,84,{}
29,2,9,knn,0.820416984490211,0.8234221918432444,0.00540200000978075,0.010809300001710653,84,{}
29,2,9,svm,0.8699898159129582,0.8728354978354979,3.724857199995313,0.003341099974932149,84,"{""model__C"": 100, ""model__gamma"": 0.01}"
29,2,9,mlp,0.819149589628313,0.8246753246753247,4.268771900009597,0.0016980999789666384,84,"{""model__alpha"": 0.01, ""model__hidden_layer_sizes"": [16], ""model__learning_rate_init"": 0.01}"
29,2,9,rbf,0.6886974309781783,0.7083333333333333,8.129851800011238,0.0030032999929971993,84,"{""model__alpha"": 0.001, ""model__n_centers"": 32, ""model__width"": 1}"
29,2,9,svm_linear,0.7850995659614913,0.7875370243791296,2.3528916999930516,0.0033297999761998653,84,"{""model__C"": 10}"
29,2,9,svm_unscaled,0.7523771785652472,0.7667748917748918,5.376821700017899,0.004593499994371086,84,"{""model__C"": 100, ""model__gamma"": ""scale""}"
30,3,0,centroid,0.4278752102738069,0.45541125541125543,0.004732000001240522,0.0015431999927386642,85,{}
30,3,0,knn,0.6833267922553637,0.6946428571428571,0.007268899993505329,0.007508299982873723,85,{}
30,3,0,svm,0.837121212121212,0.8376623376623377,3.0399158999789506,0.003234200004953891,85,"{""model__C"": 100, ""model__gamma"": 0.01}"
30,3,0,mlp,0.7429347826086956,0.7451298701298701,4.198777000012342,0.0015753999759908766,85,"{""model__alpha"": 0.01, ""model__hidden_layer_sizes"": [32, 16], ""model__learning_rate_init"": 0.01}"
30,3,0,rbf,0.7473480449090206,0.7554112554112554,9.84473350000917,0.003253300004871562,85,"{""model__alpha"": 0.001, ""model__n_centers"": 32, ""model__width"": 1}"
30,3,0,svm_linear,0.7788262183698449,0.7808441558441559,2.930060599988792,0.002921999985119328,85,"{""model__C"": 10}"
30,3,0,svm_unscaled,0.7649544222714955,0.7678571428571428,6.419264600001043,0.0077498000173363835,85,"{""model__C"": 100, ""model__gamma"": ""scale""}"
31,3,1,centroid,0.4274056353003721,0.45660173160173156,0.006056199985323474,0.002359900012379512,85,{}
31,3,1,knn,0.7145692731246729,0.7265151515151516,0.00830730001325719,0.011384000012185425,85,{}
31,3,1,svm,0.872093023255814,0.8722943722943723,4.150427599990508,0.005180499982088804,85,"{""model__C"": 100, ""model__gamma"": ""scale""}"
31,3,1,mlp,0.8363372093023256,0.8365259740259741,5.458434800006216,0.0016531000146642327,85,"{""model__alpha"": 0.0001, ""model__hidden_layer_sizes"": [32, 16], ""model__learning_rate_init"": 0.01}"
31,3,1,rbf,0.7411616161616161,0.7548701298701299,8.529973900003824,0.006153300026198849,85,"{""model__alpha"": 0.001, ""model__n_centers"": 32, ""model__width"": 1}"
31,3,1,svm_linear,0.7780844155844155,0.7780844155844155,2.9991774999944028,0.0050100999942515045,85,"{""model__C"": 1}"
31,3,1,svm_unscaled,0.7237377002082884,0.7281926406926407,5.141626800002996,0.007944799988763407,85,"{""model__C"": 100, ""model__gamma"": ""scale""}"
32,3,2,centroid,0.4017748609853873,0.41688311688311686,0.005223000014666468,0.0018792999908328056,85,{}
32,3,2,knn,0.6555555555555556,0.6752705627705627,0.008917499973904341,0.014154700009385124,85,{}
32,3,2,svm,0.809674166509107,0.8143939393939393,4.386929999978747,0.0031091000128071755,85,"{""model__C"": 100, ""model__gamma"": ""scale""}"
32,3,2,mlp,0.7567910885284346,0.770021645021645,5.886958199989749,0.0024170000106096268,85,"{""model__alpha"": 0.01, ""model__hidden_layer_sizes"": [32, 16], ""model__learning_rate_init"": 0.01}"
32,3,2,rbf,0.6747289972899729,0.6985930735930737,13.123554999998305,0.0030165999778546393,85,"{""model__alpha"": 0.001, ""model__n_centers"": 32, ""model__width"": 1}"
32,3,2,svm_linear,0.7039679567516259,0.7087662337662338,2.3408591999905184,0.001866100006736815,85,"{""model__C"": 10}"
32,3,2,svm_unscaled,0.7088270579549649,0.7196428571428571,4.29768009998952,0.00461669999640435,85,"{""model__C"": 100, ""model__gamma"": ""scale""}"
33,3,3,centroid,0.548815313296911,0.572943722943723,0.008477900002617389,0.003699699998833239,85,{}
33,3,3,knn,0.7243047139322325,0.7172619047619048,0.006576499989023432,0.013424500008113682,85,{}
33,3,3,svm,0.8125494071146244,0.8143398268398268,3.230456100020092,0.004441199998836964,85,"{""model__C"": 100, ""model__gamma"": 0.01}"
33,3,3,mlp,0.8013396156688839,0.8013528138528139,4.7745180999918375,0.001346200006082654,85,"{""model__alpha"": 0.0001, ""model__hidden_layer_sizes"": [32, 16], ""model__learning_rate_init"": 0.01}"
33,3,3,rbf,0.7137585991244527,0.7196428571428571,10.12973200000124,0.0030359000083990395,85,"{""model__alpha"": 0.001, ""model__n_centers"": 32, ""model__width"": 1}"
33,3,3,svm_linear,0.8142787445113027,0.8126623376623376,1.412957099993946,0.002713699999731034,85,"{""model__C"": 10}"
33,3,3,svm_unscaled,0.811529933481153,0.8137987012987014,3.8404307999880984,0.003953300009015948,85,"{""model__C"": 100, ""model__gamma"": ""scale""}"
34,3,4,centroid,0.3120927318295739,0.3378787878787879,0.004166099999565631,0.0013061999925412238,85,{}
34,3,4,knn,0.6754692935945378,0.678409090909091,0.007008299988228828,0.00894589998642914,85,{}
34,3,4,svm,0.7941819877925222,0.7932359307359307,3.57642389999819,0.004854500002693385,85,"{""model__C"": 100, ""model__gamma"": 0.01}"
34,3,4,mlp,0.7975505050505051,0.8057359307359307,4.222848899982637,0.0015368000022135675,85,"{""model__alpha"": 0.01, ""model__hidden_layer_sizes"": [32, 16], ""model__learning_rate_init"": 0.01}"
34,3,4,rbf,0.6241527179977682,0.6449675324675324,12.178198200010229,0.004619600018486381,85,"{""model__alpha"": 0.001, ""model__n_centers"": 32, ""model__width"": 1}"
34,3,4,svm_linear,0.7457010752529754,0.7483225108225109,3.1722654000041075,0.0038834000006318092,85,"{""model__C"": 10}"
34,3,4,svm_unscaled,0.6552810944101924,0.6807359307359307,5.293677200010279,0.006311999983154237,85,"{""model__C"": 100, ""model__gamma"": ""scale""}"
35,3,5,centroid,0.46330243968924634,0.4862012987012987,0.008731999987503514,0.0019085000094491988,85,{}
35,3,5,knn,0.7411127667500399,0.7454545454545454,0.007130799989681691,0.014281399984611198,85,{}
35,3,5,svm,0.8540924812701816,0.850595238095238,5.318047099979594,0.006901799992192537,85,"{""model__C"": 100, ""model__gamma"": ""scale""}"
35,3,5,mlp,0.7652069475240207,0.7727272727272727,8.510591600002954,0.003516299999319017,85,"{""model__alpha"": 0.01, ""model__hidden_layer_sizes"": [32, 16], ""model__learning_rate_init"": 0.01}"
35,3,5,rbf,0.7037952628456712,0.7386363636363635,11.52375399999437,0.0035274999972898513,85,"{""model__alpha"": 0.001, ""model__n_centers"": 32, ""model__width"": 1}"
35,3,5,svm_linear,0.8135870904163587,0.8176406926406926,2.717153200006578,0.002562099980423227,85,"{""model__C"": 10}"
35,3,5,svm_unscaled,0.8082385142300307,0.8181818181818181,6.703398099984042,0.008201499993447214,85,"{""model__C"": 100, ""model__gamma"": ""scale""}"
36,3,6,centroid,0.4595133686173237,0.4824134199134199,0.01342919998569414,0.003740899992408231,84,{}
36,3,6,knn,0.728735348143755,0.7375,0.007912600005511194,0.016591899999184534,84,{}
36,3,6,svm,0.8659473562820734,0.8690476190476191,3.5854792000027373,0.0036349999718368053,84,"{""model__C"": 100, ""model__gamma"": ""scale""}"
36,3,6,mlp,0.7271242228948996,0.7363095238095239,8.097618799976772,0.0025206000136677176,84,"{""model__alpha"": 0.01, ""model__hidden_layer_sizes"": [32, 16], ""model__learning_rate_init"": 0.01}"
36,3,6,rbf,0.8013183006997949,0.8089285714285714,11.686345299996901,0.0034835999831557274,84,"{""model__alpha"": 0.001, ""model__n_centers"": 32, ""model__width"": 1}"
36,3,6,svm_linear,0.8541666666666667,0.8565476190476191,3.365794100012863,0.003554800001438707,84,"{""model__C"": 1}"
36,3,6,svm_unscaled,0.8251554522518227,0.8333333333333333,6.180015700025251,0.010318600019672886,84,"{""model__C"": 100, ""model__gamma"": ""scale""}"
37,3,7,centroid,0.4452605459057072,0.4688311688311688,0.012614800012670457,0.0053949999855831265,84,{}
37,3,7,knn,0.6950828157349896,0.7005952380952382,0.01109129999531433,0.012820499978261068,84,{}
37,3,7,svm,0.89296982766995,0.8916666666666666,5.325403800001368,0.00564639997901395,84,"{""model__C"": 100, ""model__gamma"": ""scale""}"
37,3,7,mlp,0.793399443982689,0.7970238095238096,4.714803699986078,0.0018056000117212534,84,"{""model__alpha"": 0.0001, ""model__hidden_layer_sizes"": [32], ""model__learning_rate_init"": 0.01}"
37,3,7,rbf,0.7118591338974615,0.725,11.451865499984706,0.003257200005464256,84,"{""model__alpha"": 0.001, ""model__n_centers"": 32, ""model__width"": 1}"
37,3,7,svm_linear,0.8643905322031944,0.868452380952381,3.485353199997917,0.002361499995458871,84,"{""model__C"": 1}"
37,3,7,svm_unscaled,0.7668811668811669,0.7732142857142856,4.631239800015464,0.007785399997374043,84,"{""model__C"": 100, ""model__gamma"": ""scale""}"
38,3,8,centroid,0.49317431421473346,0.5056818181818181,0.007955499982926995,0.002803500014124438,84,{}
38,3,8,knn,0.7469421295286297,0.7498917748917748,0.005851099995197728,0.012650499993469566,84,{}
38,3,8,svm,0.8536091341955852,0.8576839826839827,3.5717938999878243,0.005738600011682138,84,"{""model__C"": 100, ""model__gamma"": 0.01}"
38,3,8,mlp,0.8048429767337755,0.810064935064935,5.098879199998919,0.0013057999894954264,84,"{""model__alpha"": 0.01, ""model__hidden_layer_sizes"": [32, 16], ""model__learning_rate_init"": 0.01}"
38,3,8,rbf,0.7392283587935762,0.7516233766233766,17.205135500000324,0.003777400008402765,84,"{""model__alpha"": 0.001, ""model__n_centers"": 32, ""model__width"": 1}"
38,3,8,svm_linear,0.8185491676345336,0.8225108225108225,2.076069100003224,0.002151900000171736,84,"{""model__C"": 1}"
38,3,8,svm_unscaled,0.7820887445887446,0.7856601731601731,5.675830299995141,0.007787900016410276,84,"{""model__C"": 100, ""model__gamma"": ""scale""}"
39,3,9,centroid,0.4283101283101283,0.4349510138983823,0.004530799982603639,0.0018172000127378851,84,{}
39,3,9,knn,0.6749274099883856,0.6836409204830258,0.006121000013081357,0.008631700009573251,84,{}
39,3,9,svm,0.8691569586020387,0.8717532467532468,3.7204109000158496,0.005862899997737259,84,"{""model__C"": 100, ""model__gamma"": 0.01}"
39,3,9,mlp,0.708234126984127,0.7188140806561859,7.0856302000174765,0.0028975000022910535,84,"{""model__alpha"": 0.01, ""model__hidden_layer_sizes"": [32], ""model__learning_rate_init"": 0.01}"
39,3,9,rbf,0.7651901028505506,0.7786796536796536,10.22626689999015,0.0034235999919474125,84,"{""model__alpha"": 0.001, ""model__n_centers"": 32, ""model__width"": 1}"
39,3,9,svm_linear,0.8204394766179663,0.8252164502164502,1.5565584999858402,0.004446100007044151,84,"{""model__C"": 10}"
39,3,9,svm_unscaled,0.7842936049457789,0.7905844155844156,5.518988099996932,0.004350400005932897,84,"{""model__C"": 100, ""model__gamma"": ""scale""}"
40,4,0,centroid,0.42388338782134205,0.44237012987012986,0.004507200006628409,0.0015805999864824116,85,{}
40,4,0,knn,0.6559628503226064,0.6606060606060606,0.007192799996118993,0.009412199986400083,85,{}
40,4,0,svm,0.8367793646539291,0.8359848484848484,3.240739000000758,0.003879600000800565,85,"{""model__C"": 100, ""model__gamma"": ""scale""}"
40,4,0,mlp,0.7135428202288667,0.7218614718614719,5.740193400008138,0.0030971999804023653,85,"{""model__alpha"": 0.01, ""model__hidden_layer_sizes"": [16], ""model__learning_rate_init"": 0.01}"
40,4,0,rbf,0.7335209505941214,0.7451298701298701,10.2147919999843,0.0039505999884568155,85,"{""model__alpha"": 0.001, ""model__n_centers"": 32, ""model__width"": 1}"
40,4,0,svm_linear,0.7625550924861635,0.7688852813852813,1.7575064999982715,0.002709099993808195,85,"{""model__C"": 10}"
40,4,0,svm_unscaled,0.7391304347826086,0.743452380952381,5.296958100021584,0.004304999980377033,85,"{""model__C"": 100, ""model__gamma"": ""scale""}"
41,4,1,centroid,0.46816239316239316,0.49009740259740264,0.004060800012666732,0.0013397999864537269,85,{}
41,4,1,knn,0.6332025978407557,0.645887445887446,0.004653000010875985,0.008367100002942607,85,{}
41,4,1,svm,0.7862557546348141,0.7889069264069264,3.5323483999818563,0.006064000015612692,85,"{""model__C"": 10, ""model__gamma"": ""scale""}"
41,4,1,mlp,0.832678501023078,0.835443722943723,5.135474199982127,0.002111600013449788,85,"{""model__alpha"": 0.01, ""model__hidden_layer_sizes"": [32], ""model__learning_rate_init"": 0.01}"
41,4,1,rbf,0.7781561284095093,0.7905844155844156,9.641476600023452,0.0030864000145811588,85,"{""model__alpha"": 0.001, ""model__n_centers"": 32, ""model__width"": 1}"
41,4,1,svm_linear,0.7410199838771268,0.7395021645021644,2.473233299999265,0.0018721000233199447,85,"{""model__C"": 100}"
41,4,1,svm_unscaled,0.764030549396403,0.7759199134199135,4.453772100008791,0.004437700001290068,85,"{""model__C"": 100, ""model__gamma"": ""scale""}"
42,4,2,centroid,0.40565134099616856,0.4316017316017316,0.009492199984379113,0.0027415000076871365,85,{}
42,4,2,knn,0.7613929805419167,0.765530303030303,0.00548049999633804,0.00857410000753589,85,{}
42,4,2,svm,0.7995195861049519,0.8007575757575757,3.3416167999967,0.008481600001687184,85,"{""model__C"": 100, ""model__gamma"": 0.01}"
42,4,2,mlp,0.7402783236558422,0.7422619047619048,5.784616600023583,0.0014136000245343894,85,"{""model__alpha"": 0.01, ""model__hidden_layer_sizes"": [32, 16], ""model__learning_rate_init"": 0.01}"
42,4,2,rbf,0.6391084093211753,0.6622294372294372,9.634379199997056,0.0023440000077243894,85,"{""model__alpha"": 0.01, ""model__n_centers"": 32, ""model__width"": 1}"
42,4,2,svm_linear,0.8257548007548008,0.824025974025974,2.2207706999906804,0.0016284000012092292,85,"{""model__C"": 10}"
42,4,2,svm_unscaled,0.7090482548866881,0.7196428571428571,4.425688699993771,0.006896699982462451,85,"{""model__C"": 100, ""model__gamma"": ""scale""}"
43,4,3,centroid,0.46746136615322653,0.4758116883116883,0.006342399981804192,0.0015302000101655722,85,{}
43,4,3,knn,0.6662147128354888,0.6685606060606061,0.012960799998836592,0.014435899996897206,85,{}
43,4,3,svm,0.895014892462425,0.8955627705627706,3.804726300004404,0.006770499981939793,85,"{""model__C"": 100, ""model__gamma"": ""scale""}"
43,4,3,mlp,0.7996098104793757,0.8008116883116883,5.208658099989407,0.0011369000130798668,85,"{""model__alpha"": 0.01, ""model__hidden_layer_sizes"": [32], ""model__learning_rate_init"": 0.01}"
43,4,3,rbf,0.7721690634734113,0.7780844155844155,10.252128399995854,0.0033347999851685017,85,"{""model__alpha"": 0.001, ""model__n_centers"": 32, ""model__width"": 1}"
43,4,3,svm_linear,0.8581235697940504,0.8598484848484849,1.663128800020786,0.0021009999909438193,85,"{""model__C"": 1}"
43,4,3,svm_unscaled,0.7977485928705441,0.801948051948052,4.507526199973654,0.004516900022281334,85,"{""model__C"": 100, ""model__gamma"": ""scale""}"
44,4,4,centroid,0.4202607212475633,0.46461038961038964,0.005112800019560382,0.004554299986921251,85,{}
44,4,4,knn,0.7597567287784679,0.7602272727272728,0.0077757000108249485,0.00887920000241138,85,{}
44,4,4,svm,0.8387755891300984,0.8409090909090908,4.324753799999598,0.004580399981932715,85,"{""model__C"": 100, ""model__gamma"": 0.01}"
44,4,4,mlp,0.7911780800500312,0.7954545454545454,5.840433400007896,0.0024873000220395625,85,"{""model__alpha"": 0.0001, ""model__hidden_layer_sizes"": [32, 16], ""model__learning_rate_init"": 0.01}"
44,4,4,rbf,0.7492257065427798,0.7613636363636364,9.81123240001034,0.0026490999734960496,85,"{""model__alpha"": 0.001, ""model__n_centers"": 32, ""model__width"": 1}"
44,4,4,svm_linear,0.8178053830227743,0.8181818181818181,2.01951640000334,0.0017613999953027815,85,"{""model__C"": 100}"
44,4,4,svm_unscaled,0.8001856339916464,0.8068181818181818,4.8358500999747775,0.004056800011312589,85,"{""model__C"": 100, ""model__gamma"": ""scale""}"
45,4,5,centroid,0.43889553429027117,0.4668290043290043,0.006768699997337535,0.0015521000022999942,85,{}
45,4,5,knn,0.7650987224157956,0.7704545454545454,0.00423579997732304,0.010487200022907928,85,{}
45,4,5,svm,0.7830825116761806,0.7840909090909091,3.5519548000011127,0.004391299997223541,85,"{""model__C"": 100, ""model__gamma"": 0.01}"
45,4,5,mlp,0.7220211958584052,0.7386363636363636,5.176812699995935,0.0018853000074159354,85,"{""model__alpha"": 0.01, ""model__hidden_layer_sizes"": [32], ""model__learning_rate_init"": 0.01}"
45,4,5,rbf,0.6930555555555555,0.7159090909090909,9.263082900026347,0.0032528000010643154,85,"{""model__alpha"": 0.001, ""model__n_centers"": 32, ""model__width"": 1}"
45,4,5,svm_linear,0.7493811743811745,0.7613636363636364,2.201356100005796,0.003646800003480166,85,"{""model__C"": 10}"
45,4,5,svm_unscaled,0.7340600002472707,0.75,4.545955600013258,0.004301000008126721,85,"{""model__C"": 100, ""model__gamma"": ""scale""}"
46,4,6,centroid,0.4967720508547656,0.5034090909090909,0.005792899988591671,0.0014374000020325184,84,{}
46,4,6,knn,0.7172895902547065,0.7147727272727273,0.00729389998014085,0.010187900013988838,84,{}
46,4,6,svm,0.819149589628313,0.8213744588744589,3.3952449000207707,0.004284399998141453,84,"{""model__C"": 100, ""model__gamma"": 0.01}"
46,4,6,mlp,0.8325329299804626,0.8338744588744589,7.240248099988094,0.0011544000008143485,84,"{""model__alpha"": 0.01, ""model__hidden_layer_sizes"": [32, 16], ""model__learning_rate_init"": 0.01}"
46,4,6,rbf,0.7337034532972748,0.7380411255411257,9.496024699998088,0.002899599989177659,84,"{""model__alpha"": 0.001, ""model__n_centers"": 32, ""model__width"": 1}"
46,4,6,svm_linear,0.8184740478597909,0.8213744588744589,2.278380699979607,0.004576200008159503,84,"{""model__C"": 100}"
46,4,6,svm_unscaled,0.8103359173126615,0.8094155844155844,4.674248199997237,0.009451699996134266,84,"{""model__C"": 100, ""model__gamma"": ""scale""}"
47,4,7,centroid,0.5466697925900962,0.5528679653679653,0.0062590000161435455,0.0015164000215008855,84,{}
47,4,7,knn,0.704632460271558,0.7130952380952381,0.006735600007232279,0.007279899989953265,84,{}
47,4,7,svm,0.843205574912892,0.8452380952380952,3.3287729999865405,0.0035641000140458345,84,"{""model__C"": 100, ""model__gamma"": 0.01}"
47,4,7,mlp,0.7506231414897735,0.762987012987013,4.97862680000253,0.0015700999938417226,84,"{""model__alpha"": 0.0001, ""model__hidden_layer_sizes"": [32, 16], ""model__learning_rate_init"": 0.01}"
47,4,7,rbf,0.7523810824414434,0.7619047619047619,9.166081600007601,0.002596100006485358,84,"{""model__alpha"": 0.001, ""model__n_centers"": 32, ""model__width"": 1}"
47,4,7,svm_linear,0.7905604135866807,0.7976190476190476,1.7382479000079911,0.001821599988033995,84,"{""model__C"": 1}"
47,4,7,svm_unscaled,0.7560868953948932,0.7619047619047619,5.232022100011818,0.006288599979598075,84,"{""model__C"": 100, ""model__gamma"": ""scale""}"
48,4,8,centroid,0.4522656205583035,0.470021645021645,0.012588000012328848,0.00359879998723045,84,{}
48,4,8,knn,0.5898893833994396,0.6053030303030302,0.005564699997194111,0.013128199992934242,84,{}
48,4,8,svm,0.831187707641196,0.8332792207792208,4.411474799999269,0.0036478000110946596,84,"{""model__C"": 100, ""model__gamma"": ""scale""}"
48,4,8,mlp,0.787861169837914,0.7981601731601732,4.632627600018168,0.0017995999951381236,84,"{""model__alpha"": 0.01, ""model__hidden_layer_sizes"": [32, 16], ""model__learning_rate_init"": 0.01}"
48,4,8,rbf,0.6734197612246393,0.6910173160173161,9.784873399999924,0.00344469997799024,84,"{""model__alpha"": 0.001, ""model__n_centers"": 32, ""model__width"": 1}"
48,4,8,svm_linear,0.7688883943473905,0.774891774891775,2.327694599982351,0.004845999996177852,84,"{""model__C"": 10}"
48,4,8,svm_unscaled,0.717280361757106,0.7272727272727273,5.111790399998426,0.006700199999613687,84,"{""model__C"": 100, ""model__gamma"": ""scale""}"
49,4,9,centroid,0.4198450670426253,0.4353212576896787,0.00613530000555329,0.0015491999802179635,84,{}
49,4,9,knn,0.8101328753502666,0.8136819321029847,0.0067897000117227435,0.015469300007680431,84,{}
49,4,9,svm,0.8678945969770034,0.8728354978354979,3.4702524000022095,0.003928399994038045,84,"{""model__C"": 10, ""model__gamma"": ""scale""}"
49,4,9,mlp,0.8548423423423424,0.862012987012987,4.6364934000012,0.002341199986403808,84,"{""model__alpha"": 0.01, ""model__hidden_layer_sizes"": [16], ""model__learning_rate_init"": 0.01}"
49,4,9,rbf,0.780495967995968,0.79004329004329,10.045955300010974,0.0030490000208374113,84,"{""model__alpha"": 0.01, ""model__n_centers"": 32, ""model__width"": 1}"
49,4,9,svm_linear,0.8119970468807678,0.8143939393939393,2.1817748000030406,0.002051399991614744,84,"{""model__C"": 1}"
49,4,9,svm_unscaled,0.8556810772690379,0.8609307359307359,5.575770299998112,0.007511999981943518,84,"{""model__C"": 100, ""model__gamma"": ""scale""}"
