split,feature,macro_f1,balanced_accuracy,f1_drop
0,COMPACTNESS,0.7993348115299335,0.803030303030303,0.060459560764438924
0,CIRCULARITY,0.7995719389012073,0.8013528138528139,0.06022243339316513
0,DISTANCE_CIRCULARITY,0.7864388584891321,0.8046536796536796,0.0733555138052403
0,RADIUS_RATIO,0.7057445509573169,0.7048701298701299,0.15404982133705547
0,PR.AXIS_ASPECT_RATIO,0.778391472868217,0.7803030303030303,0.08140289942615542
0,MAX.LENGTH_ASPECT_RATIO,0.8704251411284877,0.8722943722943723,-0.01063076883411529
0,SCATTER_RATIO,0.7701040612805319,0.7736471861471862,0.0896903110138405
0,ELONGATEDNESS,0.7409225494779492,0.7492424242424243,0.11887182281642317
0,PR.AXIS_RECTANGULARITY,0.7611181571937385,0.7547077922077923,0.09867621510063385
0,MAX.LENGTH_RECTANGULARITY,0.7657894736842106,0.7792207792207793,0.09400489861016181
0,SCALED_VARIANCE_MAJOR,0.8469622253832779,0.8456709956709957,0.012832146911094466
0,SCALED_VARIANCE_MINOR,0.7414448184414524,0.750974025974026,0.11834955385292001
0,SCALED_RADIUS_OF_GYRATION,0.7503842775581906,0.7411255411255411,0.1094100947361818
0,SKEWNESS_ABOUT_MAJOR,0.7681910569105691,0.7672619047619047,0.09160331538380329
0,SKEWNESS_ABOUT_MINOR,0.8700110864745011,0.8711580086580086,-0.010216714180128705
0,KURTOSIS_ABOUT_MAJOR,0.8233598033654754,0.8257575757575757,0.03643456892889696
0,KURTOSIS_ABOUT_MINOR,0.7344098883572568,0.7304112554112554,0.12538448393711554
0,HOLLOWS_RATIO,0.6659755875594385,0.6757575757575758,0.19381878473493386
1,COMPACTNESS,0.7012654012654013,0.7088744588744589,0.08433758442743045
1,CIRCULARITY,0.7115222595183011,0.7202380952380952,0.07408072617453065
1,DISTANCE_CIRCULARITY,0.6896274797988254,0.6996753246753247,0.09597550589400627
1,RADIUS_RATIO,0.4814848638117717,0.46915584415584416,0.30411812188106
1,PR.AXIS_ASPECT_RATIO,0.6703521703521703,0.6856060606060606,0.1152508153406614
1,MAX.LENGTH_ASPECT_RATIO,0.776578073089701,0.7797619047619048,0.009024912603130764
1,SCATTER_RATIO,0.7495511245511246,0.7503246753246753,0.03605186114170711
1,ELONGATEDNESS,0.6550908888145421,0.6737012987012987,0.13051209687828957
1,PR.AXIS_RECTANGULARITY,0.6357116938809171,0.6304112554112554,0.14989129181191463
1,MAX.LENGTH_RECTANGULARITY,0.7204786923670927,0.7326298701298701,0.06512429332573899
1,SCALED_VARIANCE_MAJOR,0.7884512038170575,0.7889069264069264,-0.0028482181242257543
1,SCALED_VARIANCE_MINOR,0.7254346269877793,0.7293290043290044,0.06016835870505244
1,SCALED_RADIUS_OF_GYRATION,0.7463286713286714,0.7383116883116883,0.03927431436416029
1,SKEWNESS_ABOUT_MAJOR,0.660485347985348,0.6599025974025974,0.12511763770748374
1,SKEWNESS_ABOUT_MINOR,0.7963853596121038,0.8014069264069263,-0.010782373919272059
1,KURTOSIS_ABOUT_MAJOR,0.7651913825339803,0.7759199134199135,0.020411603158851377
1,KURTOSIS_ABOUT_MINOR,0.7125291485472994,0.7212662337662337,0.07307383714553228
1,HOLLOWS_RATIO,0.6171230612763794,0.6308982683982685,0.16847992441645232
2,COMPACTNESS,0.707439936225191,0.7224025974025974,0.1864625027991993
2,CIRCULARITY,0.7719636635141862,0.7775974025974026,0.12193877551020404
2,DISTANCE_CIRCULARITY,0.7717511714451739,0.7803030303030303,0.12215126757921635
2,RADIUS_RATIO,0.6981981981981982,0.6951839826839826,0.1957042408261921
2,PR.AXIS_ASPECT_RATIO,0.7129162546250514,0.7099025974025974,0.1809861843993389
2,MAX.LENGTH_ASPECT_RATIO,0.8819444444444444,0.8825216450216451,0.011957994579945841
2,SCATTER_RATIO,0.8375365497076023,0.844047619047619,0.05636588931678799
2,ELONGATEDNESS,0.8308068999558361,0.8308982683982684,0.06309553906855414
2,PR.AXIS_RECTANGULARITY,0.7613194367172335,0.7542207792207791,0.1325830023071568
2,MAX.LENGTH_RECTANGULARITY,0.7935286935286936,0.8008116883116883,0.10037374549569666
2,SCALED_VARIANCE_MAJOR,0.8475177304964538,0.847943722943723,0.046384708527936414
2,SCALED_VARIANCE_MINOR,0.7607142857142857,0.7867965367965368,0.13318815331010458
2,SCALED_RADIUS_OF_GYRATION,0.8252032520325203,0.8252164502164502,0.06869918699186994
2,SKEWNESS_ABOUT_MAJOR,0.7327451997924235,0.7326298701298701,0.1611572392319668
2,SKEWNESS_ABOUT_MINOR,0.8424996600027199,0.847943722943723,0.05140277902167034
2,KURTOSIS_ABOUT_MAJOR,0.8696023270423074,0.8712121212121212,0.024300111982082817
2,KURTOSIS_ABOUT_MINOR,0.8105486096877776,0.8133116883116883,0.08335382933661262
2,HOLLOWS_RATIO,0.6681818181818182,0.6751623376623377,0.22572062084257205
3,COMPACTNESS,0.750520448386302,0.7559523809523809,0.07065559778974417
3,CIRCULARITY,0.6775863025863026,0.6856060606060606,0.14358974358974363
3,DISTANCE_CIRCULARITY,0.7313848385656896,0.7445887445887446,0.08979120761035664
3,RADIUS_RATIO,0.6426767676767676,0.635551948051948,0.1784992784992786
3,PR.AXIS_ASPECT_RATIO,0.7574695121951219,0.7564935064935064,0.0637065339809243
3,MAX.LENGTH_ASPECT_RATIO,0.7998338870431894,0.8024891774891775,0.021342159132856864
3,SCATTER_RATIO,0.677016129032258,0.6942099567099567,0.14415991714378817
3,ELONGATEDNESS,0.687466577540107,0.688961038961039,0.13370946863593924
3,PR.AXIS_RECTANGULARITY,0.7937355960611774,0.7871212121212121,0.027440450114868842
3,MAX.LENGTH_RECTANGULARITY,0.7539415766306523,0.7673160173160173,0.06723446954539392
3,SCALED_VARIANCE_MAJOR,0.8050574130361365,0.8127705627705628,0.01611863313990969
3,SCALED_VARIANCE_MINOR,0.6771142743588671,0.6953463203463204,0.14406177181717916
3,SCALED_RADIUS_OF_GYRATION,0.7679955703211516,0.7604978354978356,0.053180475854894604
3,SKEWNESS_ABOUT_MAJOR,0.7339678178963893,0.7320887445887445,0.08720822827965691
3,SKEWNESS_ABOUT_MINOR,0.844823277887941,0.847943722943723,-0.023647231711894756
3,KURTOSIS_ABOUT_MAJOR,0.7790845429080724,0.788961038961039,0.04209150326797384
3,KURTOSIS_ABOUT_MINOR,0.7330137700241386,0.7537878787878788,0.08816227615190764
3,HOLLOWS_RATIO,0.5766986135071241,0.5814935064935065,0.24447743266892208
4,COMPACTNESS,0.7134126984126984,0.7267316017316017,0.11527218259776395
4,CIRCULARITY,0.8037605145967344,0.8068181818181818,0.024924366413727972
4,DISTANCE_CIRCULARITY,0.7636192987412499,0.7721861471861472,0.06506558226921244
4,RADIUS_RATIO,0.6581108533120478,0.6495670995670995,0.17057402769841457
4,PR.AXIS_ASPECT_RATIO,0.6364946579232293,0.6259199134199134,0.192190223087233
4,MAX.LENGTH_ASPECT_RATIO,0.8505352528608343,0.8522727272727273,-0.021850371850371975
4,SCATTER_RATIO,0.707213190034461,0.7238636363636364,0.1214716909760013
4,ELONGATEDNESS,0.6224587540569779,0.638095238095238,0.2062261269534844
4,PR.AXIS_RECTANGULARITY,0.7185829842553806,0.7096861471861472,0.11010189675508175
4,MAX.LENGTH_RECTANGULARITY,0.753310276679842,0.759090909090909,0.07537460433062038
4,SCALED_VARIANCE_MAJOR,0.7942934578972347,0.7931818181818181,0.034391423113227626
4,SCALED_VARIANCE_MINOR,0.7054199816401469,0.7244588744588745,0.12326489937031548
4,SCALED_RADIUS_OF_GYRATION,0.7614157762413576,0.7579545454545454,0.06726910476910475
4,SKEWNESS_ABOUT_MAJOR,0.7480730651462357,0.7415043290043289,0.08061181586422661
4,SKEWNESS_ABOUT_MINOR,0.8044424567680382,0.8056818181818182,0.024242424242424176
4,KURTOSIS_ABOUT_MAJOR,0.7896921193861219,0.7931818181818181,0.0389927616243404
4,KURTOSIS_ABOUT_MINOR,0.6841291235187359,0.6887445887445888,0.14455575749172644
4,HOLLOWS_RATIO,0.6589618100128369,0.6751082251082251,0.1697230709976254
5,COMPACTNESS,0.76875,0.771590909090909,0.058137649195640906
5,CIRCULARITY,0.7320010663095768,0.7375,0.09488658288606411
5,DISTANCE_CIRCULARITY,0.7044608110493685,0.7369588744588744,0.12242683814627242
5,RADIUS_RATIO,0.635481200349761,0.6308441558441559,0.19140644884587998
5,PR.AXIS_ASPECT_RATIO,0.7408971471471473,0.7342532467532468,0.08599050204849368
5,MAX.LENGTH_ASPECT_RATIO,0.8131293793314699,0.816504329004329,0.013758269864171058
5,SCATTER_RATIO,0.735985985985986,0.7352272727272727,0.09090166320965498
5,ELONGATEDNESS,0.7285200569780426,0.7238636363636364,0.09836759221759839
5,PR.AXIS_RECTANGULARITY,0.7267885532591415,0.7238636363636364,0.10009909593649946
5,MAX.LENGTH_RECTANGULARITY,0.689110237118103,0.7113636363636364,0.1377774120775379
5,SCALED_VARIANCE_MAJOR,0.7689876338132151,0.771590909090909,0.05790001538242584
5,SCALED_VARIANCE_MINOR,0.7238636363636364,0.7375,0.10302401283200457
5,SCALED_RADIUS_OF_GYRATION,0.7387241386106956,0.7352272727272727,0.08816351058494531
5,SKEWNESS_ABOUT_MAJOR,0.7355817940924325,0.7341991341991342,0.09130585510320843
5,SKEWNESS_ABOUT_MINOR,0.8365979706308692,0.8409090909090909,-0.009710321435228209
5,KURTOSIS_ABOUT_MAJOR,0.8269200830306175,0.8284090909090909,-3.243383497653074e-05
5,KURTOSIS_ABOUT_MINOR,0.7360989235163042,0.7364177489177488,0.09078872567933671
5,HOLLOWS_RATIO,0.6033110229538801,0.6319805194805195,0.2235766262417609
6,COMPACTNESS,0.7211583924349881,0.7283549783549783,0.15876953704501306
6,CIRCULARITY,0.8280732860520095,0.8333333333333333,0.05185464342799173
6,DISTANCE_CIRCULARITY,0.7358660165969135,0.7505411255411256,0.14406191288308767
6,RADIUS_RATIO,0.5764709739464942,0.5691558441558442,0.30345695553350704
6,PR.AXIS_ASPECT_RATIO,0.77650324743348,0.7765151515151515,0.10342468204652122
6,MAX.LENGTH_ASPECT_RATIO,0.8451754385964911,0.844047619047619,0.03475249088351007
6,SCATTER_RATIO,0.7511434217955958,0.7589285714285714,0.1287845076844054
6,ELONGATEDNESS,0.6607877512856475,0.6737554112554112,0.21914017819435372
6,PR.AXIS_RECTANGULARITY,0.7407917992223401,0.7357142857142858,0.13913613025766114
6,MAX.LENGTH_RECTANGULARITY,0.778222575704018,0.7845238095238095,0.10170535377598322
6,SCALED_VARIANCE_MAJOR,0.8326709062003179,0.8315476190476191,0.047257023279683286
6,SCALED_VARIANCE_MINOR,0.7781661989128329,0.785064935064935,0.10176173056716831
6,SCALED_RADIUS_OF_GYRATION,0.7589462743278099,0.7463744588744589,0.12098165515219128
6,SKEWNESS_ABOUT_MAJOR,0.6424229698369543,0.6457792207792208,0.23750495964304685
6,SKEWNESS_ABOUT_MINOR,0.8450390189520625,0.8446428571428573,0.034888910527938743
6,KURTOSIS_ABOUT_MAJOR,0.8542048054919908,0.8565476190476191,0.025723123988010355
6,KURTOSIS_ABOUT_MINOR,0.7637877007442224,0.7612012987012987,0.11614022873577878
6,HOLLOWS_RATIO,0.5727285489667565,0.5874999999999999,0.3071993805132447
7,COMPACTNESS,0.8386384616240142,0.8451839826839826,-0.004963079035588236
7,CIRCULARITY,0.6429260935143288,0.6541125541125541,0.19074928907409716
7,DISTANCE_CIRCULARITY,0.8386384616240142,0.8451839826839826,-0.004963079035588236
7,RADIUS_RATIO,0.7087855297157624,0.7015151515151514,0.12488985287266363
7,PR.AXIS_ASPECT_RATIO,0.7386452241715399,0.7423160173160173,0.09503015841688611
7,MAX.LENGTH_ASPECT_RATIO,0.8443181818181819,0.8445887445887446,-0.010642799229755862
7,SCATTER_RATIO,0.8024132730015083,0.8089285714285714,0.031262109586917664
7,ELONGATEDNESS,0.783275969962453,0.7821428571428573,0.05039941262597303
7,PR.AXIS_RECTANGULARITY,0.8549588256355174,0.8547619047619048,-0.0212834430470914
7,MAX.LENGTH_RECTANGULARITY,0.8028728848762349,0.8064935064935066,0.030802497712191124
7,SCALED_VARIANCE_MAJOR,0.8575562034864361,0.8564935064935065,-0.023880820898010136
7,SCALED_VARIANCE_MINOR,0.6663651684069106,0.7017316017316018,0.16731021418151537
7,SCALED_RADIUS_OF_GYRATION,0.8806362144847523,0.8797077922077922,-0.04696083189632627
7,SKEWNESS_ABOUT_MAJOR,0.7249758033294618,0.7271103896103897,0.10869957925896423
7,SKEWNESS_ABOUT_MINOR,0.8457944832944833,0.8445887445887446,-0.012119100706057262
7,KURTOSIS_ABOUT_MAJOR,0.8576754385964912,0.8559523809523809,-0.024000056008065207
7,KURTOSIS_ABOUT_MINOR,0.7449936822759122,0.7396103896103896,0.08868170031251377
7,HOLLOWS_RATIO,0.6292128603104212,0.6443181818181818,0.20446252227800477
8,COMPACTNESS,0.7425768006627507,0.7624458874458875,0.09706966398371408
8,CIRCULARITY,0.7419125589857297,0.7499458874458875,0.09773390566073503
8,DISTANCE_CIRCULARITY,0.7667542774685632,0.7856601731601731,0.07289218717790158
8,RADIUS_RATIO,0.8028232729982465,0.7974025974025973,0.036823191648218234
8,PR.AXIS_ASPECT_RATIO,0.7009466320176818,0.7033008658008658,0.13869983262878294
8,MAX.LENGTH_ASPECT_RATIO,0.8400029019341456,0.844047619047619,-0.00035643728768086635
8,SCATTER_RATIO,0.7843552024683045,0.785064935064935,0.05529126217816027
8,ELONGATEDNESS,0.7452244307577454,0.7469696969696971,0.09442203388871939
8,PR.AXIS_RECTANGULARITY,0.8104908657234238,0.8088744588744589,0.029155598923040982
8,MAX.LENGTH_RECTANGULARITY,0.8155624568668047,0.8213744588744589,0.02408400777966002
8,SCALED_VARIANCE_MAJOR,0.8284942447733146,0.8326839826839827,0.011152219873150182
8,SCALED_VARIANCE_MINOR,0.7239486703772419,0.7380411255411254,0.11569779426922289
8,SCALED_RADIUS_OF_GYRATION,0.7507027286439052,0.7606601731601732,0.08894373600255956
8,SKEWNESS_ABOUT_MAJOR,0.8204783021856192,0.8219155844155843,0.019168162460845517
8,SKEWNESS_ABOUT_MINOR,0.828424090051997,0.8332792207792208,0.011222374594467732
8,KURTOSIS_ABOUT_MAJOR,0.8798112456649042,0.8808982683982685,-0.040164781018439455
8,KURTOSIS_ABOUT_MINOR,0.7118607689922642,0.7158549783549784,0.1277856956542005
8,HOLLOWS_RATIO,0.6754788961038961,0.6902597402597402,0.16416756854256864
9,COMPACTNESS,0.7434284707540522,0.7570346320346321,0.0800071045107914
9,CIRCULARITY,0.6942781473269278,0.6975108225108225,0.12915742793791574
9,DISTANCE_CIRCULARITY,0.7075642654844059,0.7483766233766234,0.11587130978043769
9,RADIUS_RATIO,0.7234926594751375,0.7152255639097744,0.09994291578970604
9,PR.AXIS_ASPECT_RATIO,0.7576251630137052,0.7575757575757576,0.06581041225113837
9,MAX.LENGTH_ASPECT_RATIO,0.833184500002424,0.8376623376623377,-0.009748924737580489
9,SCATTER_RATIO,0.813839615668884,0.8138528138528138,0.009595959595959602
9,ELONGATEDNESS,0.7544408294408294,0.7500284802916382,0.06899474582401421
9,PR.AXIS_RECTANGULARITY,0.74,0.7348484848484849,0.08343557526484358
9,MAX.LENGTH_RECTANGULARITY,0.7770483679133078,0.7887901572112098,0.046387207351535786
9,SCALED_VARIANCE_MAJOR,0.7749595620256314,0.7781385281385281,0.048476013239212135
9,SCALED_VARIANCE_MINOR,0.6993024132730015,0.6969696969696969,0.1241331619918421
9,SCALED_RADIUS_OF_GYRATION,0.8470368327511184,0.8461494645705172,-0.02360125748627484
9,SKEWNESS_ABOUT_MAJOR,0.7133227348829381,0.7074504442925496,0.1101128403819055
9,SKEWNESS_ABOUT_MINOR,0.8448523698523698,0.8495670995670995,-0.02141679458752621
9,KURTOSIS_ABOUT_MAJOR,0.8334887334887334,0.837121212121212,-0.010053158223889858
9,KURTOSIS_ABOUT_MINOR,0.7769387236206458,0.777967646388699,0.04649685164419781
9,HOLLOWS_RATIO,0.6167703619909501,0.6558441558441559,0.20666521327389342
10,COMPACTNESS,0.7521581043157126,0.7570346320346321,0.10823150607389787
10,CIRCULARITY,0.8113340765514678,0.8133116883116883,0.04905553383814265
10,DISTANCE_CIRCULARITY,0.7007878250114274,0.722943722943723,0.15960178537818304
10,RADIUS_RATIO,0.7166955416955417,0.7173701298701299,0.14369406869406876
10,PR.AXIS_ASPECT_RATIO,0.8192543272330506,0.8149350649350648,0.0411352831565599
10,MAX.LENGTH_ASPECT_RATIO,0.8347222222222223,0.8382034632034632,0.025667388167388228
10,SCATTER_RATIO,0.7570695970695971,0.7537337662337662,0.10332001332001339
10,ELONGATEDNESS,0.739094087247302,0.7384199134199134,0.12129552314230851
10,PR.AXIS_RECTANGULARITY,0.7226784476784477,0.7070887445887446,0.1377111627111628
10,MAX.LENGTH_RECTANGULARITY,0.7305555555555556,0.7429112554112554,0.12983405483405486
10,SCALED_VARIANCE_MAJOR,0.8122383922383923,0.8116341991341991,0.048151218151218145
10,SCALED_VARIANCE_MINOR,0.7248114630467571,0.7202380952380952,0.13557814734285334
10,SCALED_RADIUS_OF_GYRATION,0.7728174603174603,0.7638528138528138,0.08757215007215013
10,SKEWNESS_ABOUT_MAJOR,0.6857775911347339,0.6871753246753247,0.17461201925487657
10,SKEWNESS_ABOUT_MINOR,0.8569864377255194,0.8593073593073594,0.0034031726640910698
10,KURTOSIS_ABOUT_MAJOR,0.8349780701754386,0.836038961038961,0.025411540214171913
10,KURTOSIS_ABOUT_MINOR,0.7636440940012368,0.777056277056277,0.0967455163883737
10,HOLLOWS_RATIO,0.604572068469045,0.6183982683982684,0.2558175419205655
11,COMPACTNESS,0.7064625850340136,0.722943722943723,0.15159050686054165
11,CIRCULARITY,0.7136517615176152,0.7196428571428571,0.14440133037694003
11,DISTANCE_CIRCULARITY,0.7383838383838384,0.7705627705627706,0.11966925351071689
11,RADIUS_RATIO,0.5947363560808938,0.5878787878787879,0.26331673581366144
11,PR.AXIS_ASPECT_RATIO,0.737401185770751,0.7325757575757575,0.12065190612380428
11,MAX.LENGTH_ASPECT_RATIO,0.8450828157349896,0.8472943722943723,0.012970276159565697
11,SCATTER_RATIO,0.7111631558815437,0.7277056277056276,0.1468899360130116
11,ELONGATEDNESS,0.6786676034049983,0.6896103896103896,0.17938548848955693
11,PR.AXIS_RECTANGULARITY,0.7283453732370141,0.7331168831168832,0.12970771865754116
11,MAX.LENGTH_RECTANGULARITY,0.8062677903666908,0.8126623376623376,0.051785301527864425
11,SCALED_VARIANCE_MAJOR,0.7844107551487414,0.7889069264069264,0.07364233674581389
11,SCALED_VARIANCE_MINOR,0.7060585974103416,0.717478354978355,0.15199449448421365
11,SCALED_RADIUS_OF_GYRATION,0.8010776662950576,0.8024350649350649,0.05697542559949764
11,SKEWNESS_ABOUT_MAJOR,0.6809589220303506,0.673538961038961,0.17709416986420468
11,SKEWNESS_ABOUT_MINOR,0.84656238464378,0.8484307359307359,0.011490707250775278
11,KURTOSIS_ABOUT_MAJOR,0.8347222222222221,0.8359848484848484,0.02333086967233311
11,KURTOSIS_ABOUT_MINOR,0.739094087247302,0.7543290043290043,0.11895900464725329
11,HOLLOWS_RATIO,0.6885293787214919,0.6973484848484849,0.16952371317306336
12,COMPACTNESS,0.706978868347003,0.722943722943723,0.11420976214395306
12,CIRCULARITY,0.7296853625170998,0.7424242424242424,0.09150326797385622
12,DISTANCE_CIRCULARITY,0.782862282556285,0.7922077922077922,0.038326347934671046
12,RADIUS_RATIO,0.6506493506493506,0.6360930735930735,0.17053927984160544
12,PR.AXIS_ASPECT_RATIO,0.7295392953929539,0.7337662337662337,0.0916493350980021
12,MAX.LENGTH_ASPECT_RATIO,0.8338870431893688,0.8376623376623377,-0.012698412698412764
12,SCATTER_RATIO,0.7652113652113652,0.7650974025974027,0.05597726527959079
12,ELONGATEDNESS,0.6626899696048633,0.6651515151515152,0.15849866088609277
12,PR.AXIS_RECTANGULARITY,0.8141025641025641,0.8121753246753247,0.007086066388391932
12,MAX.LENGTH_RECTANGULARITY,0.7343846629560915,0.7543290043290043,0.08680396753486452
12,SCALED_VARIANCE_MAJOR,0.8337305599691849,0.8365800865800865,-0.012541929478228853
12,SCALED_VARIANCE_MINOR,0.7170482295482294,0.718560606060606,0.10414040094272659
12,SCALED_RADIUS_OF_GYRATION,0.7358026631282445,0.7270021645021645,0.08538596736271153
12,SKEWNESS_ABOUT_MAJOR,0.7306117641224025,0.7326298701298701,0.09057686636855355
12,SKEWNESS_ABOUT_MINOR,0.8199436222692036,0.8252164502164503,0.0012450082217524416
12,KURTOSIS_ABOUT_MAJOR,0.8085519663668777,0.8133116883116883,0.012636664124078378
12,KURTOSIS_ABOUT_MINOR,0.7059239315336876,0.7191558441558441,0.11526469895726843
12,HOLLOWS_RATIO,0.6321151586368978,0.6411255411255411,0.1890734718540582
13,COMPACTNESS,0.744806838918647,0.7569264069264069,0.1250510872353654
13,CIRCULARITY,0.6606577887712839,0.6823051948051948,0.20920013738272847
13,DISTANCE_CIRCULARITY,0.7616757773359424,0.7813311688311688,0.10818214881806998
13,RADIUS_RATIO,0.7451899377365215,0.7405844155844155,0.12466798841749083
13,PR.AXIS_ASPECT_RATIO,0.7921051906823259,0.7921536796536797,0.07775273547168648
13,MAX.LENGTH_ASPECT_RATIO,0.8092807467508446,0.812121212121212,0.06057717940316776
13,SCATTER_RATIO,0.8090704798171138,0.80995670995671,0.06078744633689859
13,ELONGATEDNESS,0.7662280701754387,0.7599025974025974,0.10362985597857366
13,PR.AXIS_RECTANGULARITY,0.8615302199533623,0.8585497835497835,0.008327706200650042
13,MAX.LENGTH_RECTANGULARITY,0.8030114759081928,0.8142857142857143,0.06684645024581959
13,SCALED_VARIANCE_MAJOR,0.8198215183509301,0.8218614718614718,0.05003640780308227
13,SCALED_VARIANCE_MINOR,0.694567044976881,0.7266233766233766,0.17529088117713132
13,SCALED_RADIUS_OF_GYRATION,0.8516935540191354,0.8472402597402598,0.018164372134876983
13,SKEWNESS_ABOUT_MAJOR,0.7424177399033638,0.7400432900432901,0.12744018625064857
13,SKEWNESS_ABOUT_MINOR,0.8692073170731707,0.8722402597402596,0.0006506090808416909
13,KURTOSIS_ABOUT_MAJOR,0.867957938324071,0.8712121212121212,0.0018999878299413853
13,KURTOSIS_ABOUT_MINOR,0.7773684980331477,0.7780844155844155,0.09248942812086469
13,HOLLOWS_RATIO,0.6112903225806452,0.6562770562770562,0.25856760357336717
14,COMPACTNESS,0.7757953900892074,0.7840909090909091,0.049179280630144095
14,CIRCULARITY,0.732281284606866,0.7386363636363636,0.09269338611248545
14,DISTANCE_CIRCULARITY,0.7947766080033523,0.8068181818181818,0.03019806271599923
14,RADIUS_RATIO,0.7118347338935573,0.7074675324675324,0.11313993682579415
14,PR.AXIS_ASPECT_RATIO,0.7234161138375792,0.7234307359307359,0.10155855688177229
14,MAX.LENGTH_ASPECT_RATIO,0.825493612078978,0.8295454545454545,-0.0005189413596264902
14,SCATTER_RATIO,0.7296094804318488,0.7488636363636363,0.09536519028750268
14,ELONGATEDNESS,0.7186588171308035,0.728409090909091,0.106315853588548
14,PR.AXIS_RECTANGULARITY,0.8105886904932503,0.8028679653679655,0.014385980226101158
14,MAX.LENGTH_RECTANGULARITY,0.7214133377842068,0.7340909090909091,0.10356133293514469
14,SCALED_VARIANCE_MAJOR,0.8589743589743589,0.8636363636363636,-0.03399968825500743
14,SCALED_VARIANCE_MINOR,0.7214457290676802,0.7380952380952381,0.10352894165167126
14,SCALED_RADIUS_OF_GYRATION,0.7869914187488156,0.7772727272727273,0.03798325197053587
14,SKEWNESS_ABOUT_MAJOR,0.735778175313059,0.7325216450216451,0.08919649540629249
14,SKEWNESS_ABOUT_MINOR,0.8487998451413086,0.8522727272727273,-0.023825174421957085
14,KURTOSIS_ABOUT_MAJOR,0.8000273444620953,0.8068181818181818,0.024947326257256153
14,KURTOSIS_ABOUT_MINOR,0.6823925222262818,0.7034090909090909,0.14258214849306972
14,HOLLOWS_RATIO,0.6136249371543488,0.6274891774891775,0.21134973356500264
15,COMPACTNESS,0.7317451314048024,0.7380952380952381,0.1082561290729187
15,CIRCULARITY,0.7085257959505783,0.7153679653679654,0.13147546452714276
15,DISTANCE_CIRCULARITY,0.7643747203662368,0.7721861471861472,0.07562654011148429
15,RADIUS_RATIO,0.7218023255813953,0.7199675324675325,0.11819893489632571
15,PR.AXIS_ASPECT_RATIO,0.7019081815532114,0.699621212121212,0.13809307892450962
15,MAX.LENGTH_ASPECT_RATIO,0.8514412416851441,0.8517316017316017,-0.011439981207423067
15,SCATTER_RATIO,0.7918353576248313,0.7943181818181819,0.0481659028528898
15,ELONGATEDNESS,0.7978835978835979,0.8022727272727272,0.042117662594123195
15,PR.AXIS_RECTANGULARITY,0.8079412959275659,0.8040043290043289,0.03205996455015514
15,MAX.LENGTH_RECTANGULARITY,0.7469061284095093,0.7596861471861471,0.09309513206821174
15,SCALED_VARIANCE_MAJOR,0.802910779696494,0.8051406926406925,0.03709048078122701
15,SCALED_VARIANCE_MINOR,0.7513098464317977,0.7608225108225108,0.0886914140459234
15,SCALED_RADIUS_OF_GYRATION,0.7744493946487453,0.7687770562770563,0.06555186582897576
15,SKEWNESS_ABOUT_MAJOR,0.7576358957456518,0.7569264069264069,0.08236536473206924
15,SKEWNESS_ABOUT_MINOR,0.8627402785655763,0.8630952380952381,-0.02273901808785528
15,KURTOSIS_ABOUT_MAJOR,0.8603918007265179,0.8636363636363636,-0.02039054024879683
15,KURTOSIS_ABOUT_MINOR,0.6837552691211228,0.6887987012987014,0.15624599135659822
15,HOLLOWS_RATIO,0.596135265700483,0.6063852813852814,0.24386599477723803
16,COMPACTNESS,0.711798739051646,0.7261363636363636,0.1316443568625667
16,CIRCULARITY,0.7816775019270765,0.7856601731601731,0.061765593987136214
16,DISTANCE_CIRCULARITY,0.6707455917063915,0.6898268398268398,0.17269750420782126
16,RADIUS_RATIO,0.6284585569469291,0.621482683982684,0.21498453896728364
16,PR.AXIS_ASPECT_RATIO,0.6876325428957007,0.6805194805194805,0.155810553018512
16,MAX.LENGTH_ASPECT_RATIO,0.816170634920635,0.8208333333333333,0.02727246099357772
16,SCATTER_RATIO,0.7210470085470086,0.7255411255411255,0.12239608736720409
16,ELONGATEDNESS,0.7103323598943123,0.7106601731601732,0.13311073601990042
16,PR.AXIS_RECTANGULARITY,0.7607879565326374,0.7600649350649351,0.08265513938157532
16,MAX.LENGTH_RECTANGULARITY,0.7315076228119706,0.7362554112554112,0.11193547310224217
16,SCALED_VARIANCE_MAJOR,0.8332792207792208,0.8332792207792208,0.010163875134991951
16,SCALED_VARIANCE_MINOR,0.6957724252491695,0.7028679653679653,0.14767067066504325
16,SCALED_RADIUS_OF_GYRATION,0.7076932111815832,0.6999458874458875,0.1357498847326295
16,SKEWNESS_ABOUT_MAJOR,0.6608264923482314,0.6583874458874459,0.1826166035659813
16,SKEWNESS_ABOUT_MINOR,0.8064935064935065,0.8094696969696968,0.03694958942070625
16,KURTOSIS_ABOUT_MAJOR,0.797463646676636,0.797564935064935,0.045979449237576686
16,KURTOSIS_ABOUT_MINOR,0.7255208448258182,0.7272186147186147,0.11792225108839449
16,HOLLOWS_RATIO,0.519872359495001,0.537608225108225,0.32357073641921175
17,COMPACTNESS,0.8052718283420905,0.810064935064935,0.07338314241814337
17,CIRCULARITY,0.7380666049953747,0.75,0.14058836576485922
17,DISTANCE_CIRCULARITY,0.8128342245989305,0.8214285714285714,0.0658207461613034
17,RADIUS_RATIO,0.7464115069688138,0.7356060606060606,0.13224346379142016
17,PR.AXIS_ASPECT_RATIO,0.8023974772095073,0.7991883116883116,0.07625749355072664
17,MAX.LENGTH_ASPECT_RATIO,0.8657722940331636,0.8690476190476191,0.01288267672707033
17,SCATTER_RATIO,0.7667825212582245,0.7714285714285714,0.11187244950200936
17,ELONGATEDNESS,0.7537816109244682,0.7577380952380952,0.12487335983576575
17,PR.AXIS_RECTANGULARITY,0.7852077001013171,0.7827380952380952,0.09344727065891678
17,MAX.LENGTH_RECTANGULARITY,0.7499603174603174,0.7601190476190477,0.12869465329991647
17,SCALED_VARIANCE_MAJOR,0.8429292929292929,0.8452380952380952,0.03572567783094105
17,SCALED_VARIANCE_MINOR,0.7484300569854567,0.7601190476190476,0.13022491377477718
17,SCALED_RADIUS_OF_GYRATION,0.8064110162794373,0.8077380952380953,0.07224395448079657
17,SKEWNESS_ABOUT_MAJOR,0.7665069138906349,0.7627705627705628,0.11214805686959906
17,SKEWNESS_ABOUT_MINOR,0.8671134421134421,0.8690476190476191,0.01154152864679181
17,KURTOSIS_ABOUT_MAJOR,0.8655084815606653,0.8690476190476191,0.013146489199568623
17,KURTOSIS_ABOUT_MINOR,0.7256314545228318,0.7260822510822511,0.15302351623740207
17,HOLLOWS_RATIO,0.6210526315789473,0.6477272727272727,0.2576023391812866
18,COMPACTNESS,0.6673033994777637,0.6801948051948051,0.10461370780519719
18,CIRCULARITY,0.7576674076674077,0.7635281385281385,0.014249699615553224
18,DISTANCE_CIRCULARITY,0.634891304347826,0.6569264069264069,0.1370258029351349
18,RADIUS_RATIO,0.5341624149659864,0.5329545454545455,0.23775469231697455
18,PR.AXIS_ASPECT_RATIO,0.7136593794167607,0.7180735930735931,0.058257727866200204
18,MAX.LENGTH_ASPECT_RATIO,0.78091366627952,0.7851190476190477,-0.008996558996559045
18,SCATTER_RATIO,0.6926723682821244,0.7147186147186146,0.0792447390008365
18,ELONGATEDNESS,0.7204360469066351,0.7242424242424241,0.05148106037632583
18,PR.AXIS_RECTANGULARITY,0.6730128205128205,0.666991341991342,0.0989042867701404
18,MAX.LENGTH_RECTANGULARITY,0.6622578133248865,0.6795995670995671,0.10965929395807439
18,SCALED_VARIANCE_MAJOR,0.7614718614718614,0.7629329004329004,0.010445245811099513
18,SCALED_VARIANCE_MINOR,0.6571688367259613,0.6920454545454546,0.11474827055699965
18,SCALED_RADIUS_OF_GYRATION,0.652281746031746,0.6403138528138528,0.11963536125121488
18,SKEWNESS_ABOUT_MAJOR,0.6634920634920635,0.653896103896104,0.10842504379089746
18,SKEWNESS_ABOUT_MINOR,0.7719171072829609,0.7754329004329004,0.0
18,KURTOSIS_ABOUT_MAJOR,0.7932062348220885,0.7992424242424243,-0.021289127539127595
18,KURTOSIS_ABOUT_MINOR,0.6718023255813954,0.6800865800865801,0.10011478170156551
18,HOLLOWS_RATIO,0.5893102433281004,0.6103354978354978,0.18260686395486048
19,COMPACTNESS,0.7399989687000463,0.7456709956709957,0.13180330820729502
19,CIRCULARITY,0.7600977288477289,0.7662337662337663,0.1117045480596125
19,DISTANCE_CIRCULARITY,0.7567689582923356,0.7705627705627706,0.11503331861500576
19,RADIUS_RATIO,0.6676767676767676,0.657695374800638,0.2041255092305737
19,PR.AXIS_ASPECT_RATIO,0.7538711176584931,0.7568637502848029,0.11793115924884823
19,MAX.LENGTH_ASPECT_RATIO,0.8828977413208837,0.8847402597402598,-0.011095464413542366
19,SCATTER_RATIO,0.8409060652043084,0.8450672134882661,0.030896211703032916
19,ELONGATEDNESS,0.7889333639333639,0.7846605149236728,0.08286891297397747
19,PR.AXIS_RECTANGULARITY,0.8626880889267137,0.8596776030986557,0.009114187980627686
19,MAX.LENGTH_RECTANGULARITY,0.7806211612202654,0.7875370243791296,0.09118111568707599
19,SCALED_VARIANCE_MAJOR,0.9056699526763852,0.9063852813852814,-0.033867675769043815
19,SCALED_VARIANCE_MINOR,0.787437343358396,0.797989291410344,0.08436493354894536
19,SCALED_RADIUS_OF_GYRATION,0.7916993464052288,0.7839485076327182,0.08010293050211259
19,SKEWNESS_ABOUT_MAJOR,0.7596431574473349,0.7550694919115971,0.11215911946000645
19,SKEWNESS_ABOUT_MINOR,0.858630642812565,0.8602187286397812,0.013171634094776397
19,KURTOSIS_ABOUT_MAJOR,0.8718843885612552,0.8710412394622921,-8.211165391380781e-05
19,KURTOSIS_ABOUT_MINOR,0.7928571428571428,0.801948051948052,0.07894513405019854
19,HOLLOWS_RATIO,0.6921382818989202,0.6977101845522898,0.17966399500842112
20,COMPACTNESS,0.7315060551082322,0.7462121212121212,0.05675109836631265
20,CIRCULARITY,0.7394680611785875,0.7412337662337662,0.04878909229595729
20,DISTANCE_CIRCULARITY,0.708359426933215,0.7228896103896104,0.07989772654132987
20,RADIUS_RATIO,0.6308823529411764,0.6127705627705629,0.1573748005333684
20,PR.AXIS_ASPECT_RATIO,0.6935082948802461,0.6877705627705628,0.09474885859429871
20,MAX.LENGTH_ASPECT_RATIO,0.777539256609024,0.7774891774891775,0.010717896865520826
20,SCATTER_RATIO,0.7768409458162905,0.773538961038961,0.011416207658254351
20,ELONGATEDNESS,0.7162948131197558,0.7127705627705628,0.07196234035478899
20,PR.AXIS_RECTANGULARITY,0.7109228904164355,0.707521645021645,0.07733426305810931
20,MAX.LENGTH_RECTANGULARITY,0.6825219218122031,0.7093073593073593,0.10573523166234178
20,SCALED_VARIANCE_MAJOR,0.8220125786163522,0.82012987012987,-0.033755425141807405
20,SCALED_VARIANCE_MINOR,0.7017500587268029,0.7032467532467532,0.08650709474774199
20,SCALED_RADIUS_OF_GYRATION,0.713153271848924,0.7041666666666666,0.07510388162562087
20,SKEWNESS_ABOUT_MAJOR,0.7593984962406015,0.7536255411255411,0.02885865723394332
20,SKEWNESS_ABOUT_MINOR,0.8004169272461956,0.8002164502164502,-0.012159773771650784
20,KURTOSIS_ABOUT_MAJOR,0.8227314057101291,0.822943722943723,-0.03447425223558431
20,KURTOSIS_ABOUT_MINOR,0.683188556940524,0.6844696969696971,0.10506859653402079
20,HOLLOWS_RATIO,0.6908283876889112,0.6978896103896104,0.09742876578563364
21,COMPACTNESS,0.7359496124031009,0.7450757575757576,0.12331139979324879
21,CIRCULARITY,0.6482920791685931,0.658982683982684,0.21096893302775654
21,DISTANCE_CIRCULARITY,0.7010845259391771,0.7222943722943723,0.1581764862571725
21,RADIUS_RATIO,0.6614583333333333,0.6558982683982684,0.1978026788630164
21,PR.AXIS_ASPECT_RATIO,0.7034400224072519,0.6972943722943723,0.15582098978909775
21,MAX.LENGTH_ASPECT_RATIO,0.8234189723320159,0.8239718614718615,0.03584203986433376
21,SCATTER_RATIO,0.7410782890805088,0.7366883116883116,0.11818272311584088
21,ELONGATEDNESS,0.7684016414731702,0.7695346320346321,0.0908593707231794
21,PR.AXIS_RECTANGULARITY,0.8036728433445259,0.7972402597402597,0.055588168851823716
21,MAX.LENGTH_RECTANGULARITY,0.7307120205376019,0.7444805194805195,0.12854899165874778
21,SCALED_VARIANCE_MAJOR,0.8304964486314601,0.8343073593073593,0.028764563564889545
21,SCALED_VARIANCE_MINOR,0.6730343300110743,0.6788419913419913,0.18622668218527538
21,SCALED_RADIUS_OF_GYRATION,0.7448250900078142,0.7382034632034632,0.11443592218853549
21,SKEWNESS_ABOUT_MAJOR,0.7557312252964428,0.7529761904761905,0.10352978689990688
21,SKEWNESS_ABOUT_MINOR,0.834717607973422,0.8353896103896105,0.024543404222927667
21,KURTOSIS_ABOUT_MAJOR,0.8467532467532467,0.8467532467532467,0.012507765443102947
21,KURTOSIS_ABOUT_MINOR,0.7564242160278746,0.7558982683982685,0.10283679616847508
21,HOLLOWS_RATIO,0.6017095724757016,0.6307900432900433,0.2575514397206481
22,COMPACTNESS,0.6731243562638912,0.6866883116883117,0.17204070902312518
22,CIRCULARITY,0.7812114872030036,0.7895021645021645,0.06395357808401281
22,DISTANCE_CIRCULARITY,0.7338340566002745,0.7451298701298701,0.11133100868674195
22,RADIUS_RATIO,0.6589033054550296,0.6446428571428572,0.18626175983198678
22,PR.AXIS_ASPECT_RATIO,0.737630821559393,0.7331709956709955,0.10753424372762344
22,MAX.LENGTH_ASPECT_RATIO,0.8567229518449031,0.8598484848484849,-0.011557886557886698
22,SCATTER_RATIO,0.7592950784440146,0.7616883116883117,0.08586998684300184
22,ELONGATEDNESS,0.6410216355541669,0.6521103896103897,0.2041434297328495
22,PR.AXIS_RECTANGULARITY,0.6792468760553867,0.6724025974025973,0.1659181892316297
22,MAX.LENGTH_RECTANGULARITY,0.7585587899940649,0.7759199134199135,0.0866062752929515
22,SCALED_VARIANCE_MAJOR,0.7668803418803418,0.7747835497835498,0.07828472340667458
22,SCALED_VARIANCE_MINOR,0.7361751365729333,0.7401515151515151,0.10898992871408308
22,SCALED_RADIUS_OF_GYRATION,0.6448996655518395,0.6321428571428571,0.20026539973517687
22,SKEWNESS_ABOUT_MAJOR,0.6916257501363885,0.6969155844155843,0.1535393151506279
22,SKEWNESS_ABOUT_MINOR,0.8567229518449031,0.8598484848484849,-0.011557886557886698
22,KURTOSIS_ABOUT_MAJOR,0.7939024390243902,0.800865800865801,0.05126262626262623
22,KURTOSIS_ABOUT_MINOR,0.6852619925417408,0.6941558441558442,0.1599030727452756
22,HOLLOWS_RATIO,0.6236761426978817,0.6263528138528138,0.22148892258913466
23,COMPACTNESS,0.7412894203002908,0.7450757575757576,0.0956362745380529
23,CIRCULARITY,0.6442099356659519,0.6504329004329005,0.1927157591723918
23,DISTANCE_CIRCULARITY,0.7385510510510511,0.7462121212121212,0.09837464378729255
23,RADIUS_RATIO,0.6669733044733044,0.6570346320346321,0.16995239036503929
23,PR.AXIS_ASPECT_RATIO,0.7472583310997946,0.7450757575757576,0.08966736373854911
23,MAX.LENGTH_ASPECT_RATIO,0.8586474501108647,0.8609307359307359,-0.02172175527252107
23,SCATTER_RATIO,0.7299409726715241,0.7418831168831168,0.10698472216681953
23,ELONGATEDNESS,0.7154706564058492,0.714556277056277,0.1214550384324945
23,PR.AXIS_RECTANGULARITY,0.8046715626274988,0.8012987012987013,0.03225413221084483
23,MAX.LENGTH_RECTANGULARITY,0.7690217391304348,0.7786255411255412,0.06790395570790886
23,SCALED_VARIANCE_MAJOR,0.8369256948383437,0.8376623376623377,0.0
23,SCALED_VARIANCE_MINOR,0.655681887645944,0.6829004329004329,0.18124380719239963
23,SCALED_RADIUS_OF_GYRATION,0.8061518584774398,0.797943722943723,0.030773836360903917
23,SKEWNESS_ABOUT_MAJOR,0.7182394156231365,0.7087121212121212,0.11868627921520714
23,SKEWNESS_ABOUT_MINOR,0.8369256948383437,0.8376623376623377,0.0
23,KURTOSIS_ABOUT_MAJOR,0.8465510727896977,0.8484848484848484,-0.009625377951353986
23,KURTOSIS_ABOUT_MINOR,0.7654456654456654,0.7667748917748918,0.07148002939267828
23,HOLLOWS_RATIO,0.6292947769793827,0.640530303030303,0.20763091785896093
24,COMPACTNESS,0.810646325768277,0.8176406926406926,0.05107727671619511
24,CIRCULARITY,0.7232237539766702,0.7272727272727273,0.13849984850780195
24,DISTANCE_CIRCULARITY,0.7562294100029949,0.7835497835497836,0.10549419248147718
24,RADIUS_RATIO,0.6994000837325671,0.6983766233766233,0.16232351875190498
24,PR.AXIS_ASPECT_RATIO,0.7359150717703349,0.7325757575757575,0.12580853071413722
24,MAX.LENGTH_ASPECT_RATIO,0.8613627564847077,0.8636363636363636,0.0003608459997643809
24,SCATTER_RATIO,0.840433359084722,0.8392316017316017,0.021290243399750053
24,ELONGATEDNESS,0.7708389909875155,0.7653679653679655,0.09088461149695659
24,PR.AXIS_RECTANGULARITY,0.8074335421281796,0.8034632034632034,0.05429006035629247
24,MAX.LENGTH_RECTANGULARITY,0.8319377990430622,0.8397727272727273,0.029785803441409908
24,SCALED_VARIANCE_MAJOR,0.8530122359909594,0.8511363636363636,0.008711366493512673
24,SCALED_VARIANCE_MINOR,0.7558372183372184,0.7591450216450217,0.10588638414725371
24,SCALED_RADIUS_OF_GYRATION,0.7963599595551062,0.790909090909091,0.06536364292936592
24,SKEWNESS_ABOUT_MAJOR,0.7450845665961945,0.746103896103896,0.11663903588827762
24,SKEWNESS_ABOUT_MINOR,0.8250052405731336,0.8284090909090909,0.03671836191133848
24,KURTOSIS_ABOUT_MAJOR,0.8616118769883351,0.8636363636363635,0.00011172549613702731
24,KURTOSIS_ABOUT_MINOR,0.7668297128403512,0.770508658008658,0.09489388964412093
24,HOLLOWS_RATIO,0.5944438381413171,0.6058982683982683,0.26727976434315504
25,COMPACTNESS,0.7693531283138918,0.7727272727272727,0.07023020501944155
25,CIRCULARITY,0.7188600406685512,0.7272727272727273,0.1207232926647821
25,DISTANCE_CIRCULARITY,0.7948970793047447,0.8068181818181818,0.04468625402858861
25,RADIUS_RATIO,0.6326378935074588,0.6280303030303029,0.20694543982587454
25,PR.AXIS_ASPECT_RATIO,0.7954663693794128,0.7927489177489178,0.04411696395392051
25,MAX.LENGTH_ASPECT_RATIO,0.8627111906181674,0.8625,-0.02312785728483402
25,SCATTER_RATIO,0.7724137931034483,0.7954545454545454,0.06716954022988508
25,ELONGATEDNESS,0.7606357694592989,0.7681818181818183,0.07894756387403445
25,PR.AXIS_RECTANGULARITY,0.7756480970766685,0.7687770562770563,0.06393523625666486
25,MAX.LENGTH_RECTANGULARITY,0.7466245644599303,0.7568181818181818,0.09295876887340304
25,SCALED_VARIANCE_MAJOR,0.8251155336911151,0.8295454545454546,0.014467799642218226
25,SCALED_VARIANCE_MINOR,0.7208333333333333,0.7489177489177489,0.11875000000000002
25,SCALED_RADIUS_OF_GYRATION,0.8048743056209396,0.8045454545454546,0.0347090277123937
25,SKEWNESS_ABOUT_MAJOR,0.7181114551083592,0.7070346320346321,0.12147187822497418
25,SKEWNESS_ABOUT_MINOR,0.8386304909560723,0.8409090909090908,0.0009528423772610095
25,KURTOSIS_ABOUT_MAJOR,0.8610526315789473,0.8636363636363636,-0.021469298245613944
25,KURTOSIS_ABOUT_MINOR,0.7883336258336259,0.7920454545454546,0.051249707499707475
25,HOLLOWS_RATIO,0.596703103845961,0.6087121212121211,0.2428802294873723
26,COMPACTNESS,0.7918050941306756,0.7981601731601732,0.089079761229506
26,CIRCULARITY,0.8075719822812846,0.810064935064935,0.073312873078897
26,DISTANCE_CIRCULARITY,0.7630736806166534,0.7743506493506493,0.1178111747435282
26,RADIUS_RATIO,0.8162581828740366,0.8081709956709957,0.06462667248614495
26,PR.AXIS_ASPECT_RATIO,0.8001325556733827,0.8003246753246753,0.08075229968679887
26,MAX.LENGTH_ASPECT_RATIO,0.8188285291943829,0.8213744588744589,0.0620563261657987
26,SCATTER_RATIO,0.8336753825884262,0.8326839826839826,0.047209472771755356
26,ELONGATEDNESS,0.7610418339355012,0.7713744588744589,0.1198430214246804
26,PR.AXIS_RECTANGULARITY,0.8455142418557053,0.8445887445887446,0.035370613504476234
26,MAX.LENGTH_RECTANGULARITY,0.7559245805224009,0.7600649350649351,0.12496027483778072
26,SCALED_VARIANCE_MAJOR,0.8808848553601815,0.8814935064935066,1.1102230246251565e-16
26,SCALED_VARIANCE_MINOR,0.7612559389847462,0.7737554112554113,0.11962891637543538
26,SCALED_RADIUS_OF_GYRATION,0.8045431893687707,0.8094696969696971,0.0763416659914109
26,SKEWNESS_ABOUT_MAJOR,0.7628484501768255,0.7611471861471861,0.11803640518335612
26,SKEWNESS_ABOUT_MINOR,0.8325329299804626,0.8338744588744589,0.048351925379718996
26,KURTOSIS_ABOUT_MAJOR,0.8184108527131783,0.8219696969696969,0.06247400264700331
26,KURTOSIS_ABOUT_MINOR,0.6917832984120914,0.6920454545454545,0.18910155694809017
26,HOLLOWS_RATIO,0.6948689481017067,0.7180194805194805,0.18601590725847483
27,COMPACTNESS,0.7184472504239946,0.7267316017316018,0.12060319188731727
27,CIRCULARITY,0.8022217607973421,0.8100649350649352,0.036828681513969785
27,DISTANCE_CIRCULARITY,0.7338364338364338,0.7391774891774892,0.10521400847487805
27,RADIUS_RATIO,0.6202437771681262,0.6192099567099567,0.2188066651431857
27,PR.AXIS_ASPECT_RATIO,0.6970595273861873,0.693668831168831,0.1419909149251246
27,MAX.LENGTH_ASPECT_RATIO,0.8085836384262363,0.8100108225108225,0.03046680388507561
27,SCATTER_RATIO,0.7568134822167081,0.7737554112554113,0.0822369600946038
27,ELONGATEDNESS,0.751882863724969,0.7612012987012987,0.08716757858634283
27,PR.AXIS_RECTANGULARITY,0.7436275579213754,0.7385822510822511,0.09542288438993651
27,MAX.LENGTH_RECTANGULARITY,0.7180635262234976,0.7278138528138528,0.12098691608781431
27,SCALED_VARIANCE_MAJOR,0.827181659803611,0.8338744588744589,0.011868782507700848
27,SCALED_VARIANCE_MINOR,0.7289673740893252,0.751082251082251,0.11008306822198666
27,SCALED_RADIUS_OF_GYRATION,0.7444818279291604,0.7373917748917749,0.09456861438215147
27,SKEWNESS_ABOUT_MAJOR,0.6772992772992773,0.6823051948051948,0.16175116501203457
27,SKEWNESS_ABOUT_MINOR,0.8307661330917144,0.8338744588744589,0.008284309219597441
27,KURTOSIS_ABOUT_MAJOR,0.7585804693274205,0.7743506493506493,0.08046997298389136
27,KURTOSIS_ABOUT_MINOR,0.7688221630115462,0.7754329004329004,0.07022827929976572
27,HOLLOWS_RATIO,0.5881756756756756,0.598917748917749,0.25087476663563624
28,COMPACTNESS,0.7578320802005013,0.762987012987013,0.11015887587185014
28,CIRCULARITY,0.7231047937569677,0.7255952380952382,0.14488616231538376
28,DISTANCE_CIRCULARITY,0.8031706124729381,0.810064935064935,0.06482034359941335
28,RADIUS_RATIO,0.6512250453720508,0.642965367965368,0.2167659107003006
28,PR.AXIS_ASPECT_RATIO,0.7089521968871969,0.7067099567099567,0.15903875918515453
28,MAX.LENGTH_ASPECT_RATIO,0.8544183120402633,0.8571428571428572,0.013572644032088133
28,SCATTER_RATIO,0.7139404544842692,0.725,0.1540505015880822
28,ELONGATEDNESS,0.7182004877422667,0.7220238095238095,0.1497904683300847
28,PR.AXIS_RECTANGULARITY,0.7639751552795031,0.759469696969697,0.10401580079284833
28,MAX.LENGTH_RECTANGULARITY,0.7376984126984127,0.7482142857142857,0.1302925433739387
28,SCALED_VARIANCE_MAJOR,0.8664893617021276,0.8690476190476191,0.001501594370223791
28,SCALED_VARIANCE_MINOR,0.7075610975625042,0.725,0.16042985850984726
28,SCALED_RADIUS_OF_GYRATION,0.8122176524350436,0.8077380952380953,0.055773303637307814
28,SKEWNESS_ABOUT_MAJOR,0.7433831412489948,0.74237012987013,0.12460781482335659
28,SKEWNESS_ABOUT_MINOR,0.8679909560723514,0.8690476190476191,0.0
28,KURTOSIS_ABOUT_MAJOR,0.8530365769496204,0.8571428571428572,0.01495437912273101
28,KURTOSIS_ABOUT_MINOR,0.7346241060526775,0.737987012987013,0.13336685001967397
28,HOLLOWS_RATIO,0.5480742296918768,0.5630952380952381,0.31991672638047464
29,COMPACTNESS,0.7242052082477614,0.7343073593073594,0.14578460766519685
29,CIRCULARITY,0.7093762240501371,0.7202380952380952,0.1606135918628211
29,DISTANCE_CIRCULARITY,0.7367325365664236,0.7586580086580087,0.13325727934653464
29,RADIUS_RATIO,0.6474459959422365,0.6472146274777854,0.2225438199707217
29,PR.AXIS_ASPECT_RATIO,0.7434483653347171,0.7444178628389154,0.12654145057824107
29,MAX.LENGTH_ASPECT_RATIO,0.8806818181818183,0.8847402597402598,-0.010692002268860135
29,SCATTER_RATIO,0.7830138853394667,0.788961038961039,0.08697593057349151
29,ELONGATEDNESS,0.8068596621038353,0.8086409204830258,0.0631301538091229
29,PR.AXIS_RECTANGULARITY,0.8081852161639396,0.8012360446570973,0.06180459974901864
29,MAX.LENGTH_RECTANGULARITY,0.8032218850896643,0.8138528138528138,0.06676793082329391
29,SCALED_VARIANCE_MAJOR,0.7807975357975359,0.788961038961039,0.08919228011542235
29,SCALED_VARIANCE_MINOR,0.7165104146236222,0.7196969696969697,0.15347940128933601
29,SCALED_RADIUS_OF_GYRATION,0.8447681005071823,0.847943722943723,0.02522171540577589
29,SKEWNESS_ABOUT_MAJOR,0.7411946296222374,0.740829346092504,0.12879518629072084
29,SKEWNESS_ABOUT_MINOR,0.8808848553601815,0.8841991341991342,-0.010895039447223254
29,KURTOSIS_ABOUT_MAJOR,0.8647822524736876,0.8706709956709957,0.005207563439270646
29,KURTOSIS_ABOUT_MINOR,0.8449986607424214,0.8484848484848485,0.02499115517053685
29,HOLLOWS_RATIO,0.6622626893566791,0.6904761904761905,0.20772712655627912
30,COMPACTNESS,0.7272476558190845,0.7343073593073592,0.10987355630212758
30,CIRCULARITY,0.7171052631578947,0.7196969696969697,0.12001594896331735
30,DISTANCE_CIRCULARITY,0.798400441257584,0.8041125541125541,0.03872077086362802
30,RADIUS_RATIO,0.6213565239881029,0.614556277056277,0.21576468813310912
30,PR.AXIS_ASPECT_RATIO,0.8092570550017358,0.8029761904761905,0.027864157119476207
30,MAX.LENGTH_ASPECT_RATIO,0.8603896103896104,0.8609307359307359,-0.023268398268398327
30,SCATTER_RATIO,0.7440476190476191,0.7640692640692641,0.09307359307359298
30,ELONGATEDNESS,0.7292761390500752,0.7378787878787878,0.10784507307113689
30,PR.AXIS_RECTANGULARITY,0.775,0.7694805194805194,0.06212121212121202
30,MAX.LENGTH_RECTANGULARITY,0.8199565135186235,0.8257575757575757,0.017164698602588513
30,SCALED_VARIANCE_MAJOR,0.8364130434782608,0.8365800865800865,0.0007081686429512013
30,SCALED_VARIANCE_MINOR,0.693500797448166,0.7067099567099567,0.1436204146730461
30,SCALED_RADIUS_OF_GYRATION,0.8252032520325203,0.8252164502164502,0.011917960088691726
30,SKEWNESS_ABOUT_MAJOR,0.7279223346254811,0.7217532467532467,0.10919887749573098
30,SKEWNESS_ABOUT_MINOR,0.8240589198036007,0.8268398268398268,0.013062292317611357
30,KURTOSIS_ABOUT_MAJOR,0.8240589198036007,0.8246753246753247,0.013062292317611357
30,KURTOSIS_ABOUT_MINOR,0.772883295194508,0.7781385281385281,0.064237916926704
30,HOLLOWS_RATIO,0.6083503123016801,0.6189935064935065,0.22877089981953191
31,COMPACTNESS,0.7711484593837535,0.7813852813852814,0.10094456387206041
31,CIRCULARITY,0.7985135637309551,0.8014069264069263,0.07357945952485889
31,DISTANCE_CIRCULARITY,0.8422619047619047,0.8506493506493507,0.029831118493909292
31,RADIUS_RATIO,0.8288841901237831,0.8222402597402597,0.04320883313203083
31,PR.AXIS_ASPECT_RATIO,0.7730475486573047,0.7683982683982684,0.09904547459850921
31,MAX.LENGTH_ASPECT_RATIO,0.8230122582096266,0.8262445887445888,0.0490807650461873
31,SCATTER_RATIO,0.7583007535837725,0.7508658008658009,0.11379226967204148
31,ELONGATEDNESS,0.6953028040484487,0.7023809523809523,0.17679021920736526
31,PR.AXIS_RECTANGULARITY,0.8056783641890025,0.7984307359307359,0.06641465906681143
31,MAX.LENGTH_RECTANGULARITY,0.7688791413605836,0.7774891774891775,0.1032138818952304
31,SCALED_VARIANCE_MAJOR,0.8252032520325203,0.8262987012987013,0.04688977122329363
31,SCALED_VARIANCE_MINOR,0.7069266151579833,0.7152056277056277,0.16516640809783067
31,SCALED_RADIUS_OF_GYRATION,0.7884210526315789,0.791017316017316,0.08367197062423504
31,SKEWNESS_ABOUT_MAJOR,0.7425152555301298,0.7399891774891775,0.1295777677256842
31,SKEWNESS_ABOUT_MINOR,0.8695532266960838,0.8739177489177489,0.002539796559730134
31,KURTOSIS_ABOUT_MAJOR,0.8039072039072039,0.8013528138528139,0.06818581934861001
31,KURTOSIS_ABOUT_MINOR,0.784919028340081,0.7774891774891775,0.08717399491573297
31,HOLLOWS_RATIO,0.7318559637293653,0.7472402597402596,0.1402370595264486
32,COMPACTNESS,0.8067451236787622,0.8127705627705628,0.0029290428303447857
32,CIRCULARITY,0.7296411318150449,0.7456709956709957,0.08003303469406209
32,DISTANCE_CIRCULARITY,0.6876442775691838,0.7104437229437229,0.12202988893992317
32,RADIUS_RATIO,0.6674342730440291,0.6474567099567099,0.14223989346507782
32,PR.AXIS_ASPECT_RATIO,0.6996947496947498,0.6996212121212122,0.10997941681435719
32,MAX.LENGTH_ASPECT_RATIO,0.7989408361328854,0.8029761904761905,0.010733330376221595
32,SCATTER_RATIO,0.7561223209605413,0.7530844155844156,0.053551845548565624
32,ELONGATEDNESS,0.6889986824769434,0.6803571428571428,0.12067548403216355
32,PR.AXIS_RECTANGULARITY,0.7302009456264775,0.7281385281385282,0.07947322088262943
32,MAX.LENGTH_RECTANGULARITY,0.7030667722157085,0.7201298701298702,0.1066073942933985
32,SCALED_VARIANCE_MAJOR,0.7849280800500312,0.79004329004329,0.024746086459075722
32,SCALED_VARIANCE_MINOR,0.7479226913437439,0.752056277056277,0.06175147516536306
32,SCALED_RADIUS_OF_GYRATION,0.7912400401530836,0.7876082251082251,0.018434126356023373
32,SKEWNESS_ABOUT_MAJOR,0.6942806437276091,0.6968614718614718,0.11539352278149784
32,SKEWNESS_ABOUT_MINOR,0.7620281086531796,0.7673160173160173,0.04764605785592735
32,KURTOSIS_ABOUT_MAJOR,0.8252032520325203,0.8262987012987013,-0.015529085523413366
32,KURTOSIS_ABOUT_MINOR,0.7233117733117733,0.719047619047619,0.08636239319733363
32,HOLLOWS_RATIO,0.5858751362953044,0.6075757575757575,0.22379903021380254
33,COMPACTNESS,0.6569278874340434,0.6774891774891776,0.15562151968058102
33,CIRCULARITY,0.7190711462450592,0.7196428571428571,0.09347826086956523
33,DISTANCE_CIRCULARITY,0.770671834625323,0.7813852813852814,0.04187757248930146
33,RADIUS_RATIO,0.5561594202898551,0.5412337662337662,0.2563899868247693
33,PR.AXIS_ASPECT_RATIO,0.772863061735013,0.7694805194805194,0.039686345379611465
33,MAX.LENGTH_ASPECT_RATIO,0.8005156075808251,0.8018398268398268,0.01203379953379935
33,SCATTER_RATIO,0.741681455190772,0.738365800865801,0.07086795192385242
33,ELONGATEDNESS,0.6566360415133796,0.6640151515151516,0.1559133656012448
33,PR.AXIS_RECTANGULARITY,0.7545713707791304,0.7507575757575757,0.05797803633549403
33,MAX.LENGTH_RECTANGULARITY,0.7722222222222221,0.7768939393939394,0.04032718489240228
33,SCALED_VARIANCE_MAJOR,0.7537764771460425,0.7536796536796536,0.058772929968581966
33,SCALED_VARIANCE_MINOR,0.7053340421761475,0.7157467532467533,0.10721536493847694
33,SCALED_RADIUS_OF_GYRATION,0.7689393939393938,0.760443722943723,0.04361001317523061
33,SKEWNESS_ABOUT_MAJOR,0.6405901521045452,0.6257575757575757,0.17195925501007925
33,SKEWNESS_ABOUT_MINOR,0.7899891774891774,0.790530303030303,0.022560229625447015
33,KURTOSIS_ABOUT_MAJOR,0.8231214584873121,0.8246212121212122,-0.010572051372687685
33,KURTOSIS_ABOUT_MINOR,0.7999999999999999,0.8007575757575757,0.012549407114624489
33,HOLLOWS_RATIO,0.6018340681106638,0.6189393939393939,0.21071533900396067
34,COMPACTNESS,0.6836327679412786,0.6909632034632034,0.11054921985124366
34,CIRCULARITY,0.7584456900469625,0.7591450216450217,0.03573629774555975
34,DISTANCE_CIRCULARITY,0.7190542549238202,0.7245129870129869,0.075127732868702
34,RADIUS_RATIO,0.6047775324091113,0.6035714285714286,0.189404455383411
34,PR.AXIS_ASPECT_RATIO,0.6548573957513768,0.6497294372294372,0.13932459204114545
34,MAX.LENGTH_ASPECT_RATIO,0.7591450216450216,0.7591450216450217,0.035036966147500626
34,SCATTER_RATIO,0.6885285645018682,0.7147727272727272,0.10565342329065408
34,ELONGATEDNESS,0.7073869393018328,0.7193181818181819,0.08679504849068942
34,PR.AXIS_RECTANGULARITY,0.7868421052631579,0.7818181818181817,0.00733988252936435
34,MAX.LENGTH_RECTANGULARITY,0.6521120723248384,0.6670995670995671,0.14206991546768388
34,SCALED_VARIANCE_MAJOR,0.8167250475696246,0.8159632034632034,-0.02254305977710236
34,SCALED_VARIANCE_MINOR,0.6763412599365148,0.7028679653679654,0.11784072785600741
34,SCALED_RADIUS_OF_GYRATION,0.6652882205513784,0.6648268398268398,0.12889376724114388
34,SKEWNESS_ABOUT_MAJOR,0.7328252032520326,0.7319264069264069,0.06135678454048965
34,SKEWNESS_ABOUT_MINOR,0.772490145355999,0.770508658008658,0.021691842436523223
34,KURTOSIS_ABOUT_MAJOR,0.7440308087291398,0.7483225108225109,0.0501511790633824
34,KURTOSIS_ABOUT_MINOR,0.7161477411477412,0.7245129870129869,0.07803424664478109
34,HOLLOWS_RATIO,0.6492576760433904,0.652435064935065,0.1449243117491319
35,COMPACTNESS,0.7708888147076641,0.7705627705627706,0.08320366656251743
35,CIRCULARITY,0.6902007553170344,0.6903679653679654,0.16389172595314716
35,DISTANCE_CIRCULARITY,0.8202913279132791,0.829004329004329,0.03380115335690248
35,RADIUS_RATIO,0.7549173469905177,0.7449675324675326,0.09917513427966385
35,PR.AXIS_ASPECT_RATIO,0.8086854767580973,0.8034632034632034,0.04540700451208424
35,MAX.LENGTH_ASPECT_RATIO,0.8354782308440845,0.8392316017316017,0.0186142504260971
35,SCATTER_RATIO,0.7226058276957794,0.7210497835497836,0.13148665357440215
35,ELONGATEDNESS,0.7191537832010451,0.7159632034632035,0.1349386980691365
35,PR.AXIS_RECTANGULARITY,0.8211700475419987,0.8142316017316017,0.03292243372818282
35,MAX.LENGTH_RECTANGULARITY,0.7833946755837555,0.7937770562770563,0.07069780568642603
35,SCALED_VARIANCE_MAJOR,0.8530122359909594,0.8511363636363636,0.001080245279222125
35,SCALED_VARIANCE_MINOR,0.7374678249678249,0.7460497835497836,0.11662465630235663
35,SCALED_RADIUS_OF_GYRATION,0.7241655969191271,0.7210497835497836,0.12992688435105448
35,SKEWNESS_ABOUT_MAJOR,0.7884536923704609,0.7791125541125541,0.06563878889972063
35,SKEWNESS_ABOUT_MINOR,0.8763810715030227,0.8733225108225109,-0.022288590232841132
35,KURTOSIS_ABOUT_MAJOR,0.8855331262939958,0.8852272727272728,-0.03144064502381427
35,KURTOSIS_ABOUT_MINOR,0.7301692682435734,0.7359307359307359,0.12392321302660814
35,HOLLOWS_RATIO,0.5712158541993004,0.5906385281385281,0.2828766270708811
36,COMPACTNESS,0.8072009291521487,0.8095238095238095,0.05874642712992473
36,CIRCULARITY,0.7546512312949216,0.7619047619047619,0.1112961249871518
36,DISTANCE_CIRCULARITY,0.8278081567555251,0.8333333333333333,0.03813919952654832
36,RADIUS_RATIO,0.7856837606837607,0.7735930735930736,0.08026359559831275
36,PR.AXIS_ASPECT_RATIO,0.8126524390243902,0.8116883116883118,0.053294917257683205
36,MAX.LENGTH_ASPECT_RATIO,0.8414201695208441,0.8452380952380952,0.024527186761229336
36,SCATTER_RATIO,0.7407407407407407,0.7738095238095238,0.12520661554133272
36,ELONGATEDNESS,0.7118654378747546,0.7101190476190475,0.15408191840731877
36,PR.AXIS_RECTANGULARITY,0.7987560600342555,0.7964285714285714,0.06719129624781794
36,MAX.LENGTH_RECTANGULARITY,0.7886070002349073,0.7970238095238096,0.07734035604716616
36,SCALED_VARIANCE_MAJOR,0.879862700228833,0.8809523809523809,-0.013915343946759529
36,SCALED_VARIANCE_MINOR,0.7010169491525423,0.75,0.1649304071295311
36,SCALED_RADIUS_OF_GYRATION,0.7527260179434092,0.7470238095238095,0.11322133833866421
36,SKEWNESS_ABOUT_MAJOR,0.8062091745537516,0.8100108225108225,0.05973818172832179
36,SKEWNESS_ABOUT_MINOR,0.8896133673440142,0.8928571428571428,-0.023666011061940773
36,KURTOSIS_ABOUT_MAJOR,0.8659473562820734,0.8690476190476191,0.0
36,KURTOSIS_ABOUT_MINOR,0.7732142857142856,0.7748376623376623,0.09273307056778779
36,HOLLOWS_RATIO,0.6601984126984126,0.666991341991342,0.2057489435836608
37,COMPACTNESS,0.7886449209705024,0.7981601731601732,0.1043249066994476
37,CIRCULARITY,0.7564097649204033,0.7607142857142857,0.13656006274954668
37,DISTANCE_CIRCULARITY,0.7669921038004438,0.7856601731601731,0.12597772386950623
37,RADIUS_RATIO,0.7395979020979021,0.7338744588744589,0.15337192557204793
37,PR.AXIS_ASPECT_RATIO,0.8137778930980799,0.8116341991341991,0.07919193457187013
37,MAX.LENGTH_ASPECT_RATIO,0.9041666666666666,0.9041666666666666,-0.01119683899671653
37,SCATTER_RATIO,0.7190787426081544,0.7232142857142857,0.17389108506179562
37,ELONGATEDNESS,0.8260511651469098,0.8285714285714286,0.06691866252304024
37,PR.AXIS_RECTANGULARITY,0.7874795100534592,0.7827380952380952,0.10549031761649086
37,MAX.LENGTH_RECTANGULARITY,0.7693689613526571,0.7851190476190475,0.12360086631729295
37,SCALED_VARIANCE_MAJOR,0.8811005811005811,0.8791666666666668,0.01186924656936894
37,SCALED_VARIANCE_MINOR,0.7241551459293395,0.7357142857142858,0.16881468174061054
37,SCALED_RADIUS_OF_GYRATION,0.7590389185977422,0.7702380952380952,0.13393090907220784
37,SKEWNESS_ABOUT_MAJOR,0.8091129661678375,0.8088203463203464,0.08385686150211258
37,SKEWNESS_ABOUT_MINOR,0.8288649398121888,0.8327380952380952,0.06410488785776125
37,KURTOSIS_ABOUT_MAJOR,0.8582076837890792,0.8565476190476191,0.034762143880870844
37,KURTOSIS_ABOUT_MINOR,0.7559989546057658,0.7612012987012987,0.1369708730641842
37,HOLLOWS_RATIO,0.6655448717948718,0.6800865800865801,0.22742495587507827
38,COMPACTNESS,0.7594062913830355,0.762987012987013,0.09420284281254965
38,CIRCULARITY,0.7255061115355232,0.7386363636363636,0.1281030226600619
38,DISTANCE_CIRCULARITY,0.665935838440533,0.6915584415584416,0.1876732957550522
38,RADIUS_RATIO,0.6622075659532105,0.6561147186147186,0.19140156824237464
38,PR.AXIS_ASPECT_RATIO,0.7142905853012236,0.717478354978355,0.13931854889436157
38,MAX.LENGTH_ASPECT_RATIO,0.8429909560723514,0.844642857142857,0.010618178123233735
38,SCATTER_RATIO,0.7261126846882662,0.7374458874458875,0.12749644950731898
38,ELONGATEDNESS,0.7874071061485562,0.7844155844155845,0.0662020280470289
38,PR.AXIS_RECTANGULARITY,0.7791181686530524,0.7737012987012987,0.07449096554253276
38,MAX.LENGTH_RECTANGULARITY,0.7929880531638163,0.7969696969696969,0.060621081031768886
38,SCALED_VARIANCE_MAJOR,0.8188289036544851,0.8213744588744589,0.03478023054110002
38,SCALED_VARIANCE_MINOR,0.719160837593041,0.7504870129870129,0.1344482966025442
38,SCALED_RADIUS_OF_GYRATION,0.7899177538287011,0.7832792207792207,0.06369138036688404
38,SKEWNESS_ABOUT_MAJOR,0.7169178794178794,0.7162878787878788,0.13669125477770572
38,SKEWNESS_ABOUT_MINOR,0.8277826527826528,0.8338744588744589,0.02582648141293231
38,KURTOSIS_ABOUT_MAJOR,0.8664918109226556,0.8695887445887446,-0.012882676727070441
38,KURTOSIS_ABOUT_MINOR,0.7402133339633341,0.7390692640692641,0.11339580023225104
38,HOLLOWS_RATIO,0.5945526482610882,0.6114718614718615,0.2590564859344969
39,COMPACTNESS,0.7195295015062457,0.7337662337662337,0.14962745709579295
39,CIRCULARITY,0.7568339634764129,0.7667748917748918,0.11232299512562582
39,DISTANCE_CIRCULARITY,0.7648696264975334,0.7813852813852814,0.10428733210450525
39,RADIUS_RATIO,0.6581530387921366,0.6585782638414217,0.21100391980990207
39,PR.AXIS_ASPECT_RATIO,0.7118421052631578,0.7097858282068807,0.15731485333888084
39,MAX.LENGTH_ASPECT_RATIO,0.8324592074592075,0.8358680792891319,0.036697751142831136
39,SCATTER_RATIO,0.7665019108663597,0.7752620186830713,0.10265504773567902
39,ELONGATEDNESS,0.781243526321459,0.7841193893825473,0.08791343228057968
39,PR.AXIS_RECTANGULARITY,0.82396331738437,0.825045568466621,0.04519364121766867
39,MAX.LENGTH_RECTANGULARITY,0.7912592124794917,0.8017771701982228,0.07789774612254696
39,SCALED_VARIANCE_MAJOR,0.8822261072261073,0.8836580086580087,-0.013069148624068605
39,SCALED_VARIANCE_MINOR,0.7612548741581,0.7765151515151515,0.10790208444393867
39,SCALED_RADIUS_OF_GYRATION,0.8477610775951737,0.8472317156527683,0.02139588100686496
39,SKEWNESS_ABOUT_MAJOR,0.7775035346887036,0.7756322624743678,0.09165342391333509
39,SKEWNESS_ABOUT_MINOR,0.8428782505910166,0.847943722943723,0.026278708011022056
39,KURTOSIS_ABOUT_MAJOR,0.8682603473762011,0.8712121212121212,0.000896611225837618
39,KURTOSIS_ABOUT_MINOR,0.7829710144927536,0.7887901572112098,0.08618594410928504
39,HOLLOWS_RATIO,0.6388571248106766,0.6517145135566188,0.2302998337913621
40,COMPACTNESS,0.7678861788617886,0.7655844155844155,0.06889318579214054
40,CIRCULARITY,0.7865078130497746,0.7905844155844155,0.05027155160415453
40,DISTANCE_CIRCULARITY,0.665,0.6757575757575758,0.17177936465392907
40,RADIUS_RATIO,0.7141368998080273,0.7059523809523809,0.1226424648459018
40,PR.AXIS_ASPECT_RATIO,0.7444193061840121,0.7417207792207793,0.09236005846991702
40,MAX.LENGTH_ASPECT_RATIO,0.8454465902808824,0.8468073593073593,-0.008667225626953323
40,SCATTER_RATIO,0.7572909546593757,0.7616883116883117,0.07948840999455342
40,ELONGATEDNESS,0.6607142857142857,0.6722402597402597,0.1760650789396434
40,PR.AXIS_RECTANGULARITY,0.7934060350218887,0.7882575757575757,0.043373329632040436
40,MAX.LENGTH_RECTANGULARITY,0.7612080103359173,0.7672619047619047,0.07557135431801176
40,SCALED_VARIANCE_MAJOR,0.8335734689393226,0.835443722943723,0.0032058957146064992
40,SCALED_VARIANCE_MINOR,0.7380769027042664,0.7503787878787879,0.0987024619496627
40,SCALED_RADIUS_OF_GYRATION,0.7659549477956207,0.7642857142857142,0.07082441685830843
40,SKEWNESS_ABOUT_MAJOR,0.7745439639270343,0.7769480519480519,0.06223540072689482
40,SKEWNESS_ABOUT_MINOR,0.8221026529924407,0.8252164502164503,0.014676711661488429
40,KURTOSIS_ABOUT_MAJOR,0.8239692218350756,0.8252164502164503,0.01281014281885351
40,KURTOSIS_ABOUT_MINOR,0.7834344849050731,0.7883658008658008,0.053344879748856044
40,HOLLOWS_RATIO,0.5589869281045752,0.5724025974025974,0.2777924365493539
41,COMPACTNESS,0.7211361737677526,0.7337662337662337,0.06511958086706149
41,CIRCULARITY,0.7614608936787042,0.7672619047619047,0.024794860956109943
41,DISTANCE_CIRCULARITY,0.7116081561273279,0.7218073593073593,0.07464759850748626
41,RADIUS_RATIO,0.6757902307437911,0.6674242424242425,0.11046552389102304
41,PR.AXIS_ASPECT_RATIO,0.7381605691056911,0.7337662337662337,0.04809518552912306
41,MAX.LENGTH_ASPECT_RATIO,0.7760131805863513,0.7780844155844155,0.01024257404846285
41,SCATTER_RATIO,0.7251175704005892,0.7276515151515152,0.0611381842342249
41,ELONGATEDNESS,0.6613993423456339,0.6663419913419913,0.12485641228918021
41,PR.AXIS_RECTANGULARITY,0.7694518078015743,0.764448051948052,0.016803946833239825
41,MAX.LENGTH_RECTANGULARITY,0.7680653859116953,0.7781385281385281,0.018190368723118855
41,SCALED_VARIANCE_MAJOR,0.7631492948056415,0.763961038961039,0.023106459829172588
41,SCALED_VARIANCE_MINOR,0.6892410951621478,0.7044372294372294,0.0970146594726663
41,SCALED_RADIUS_OF_GYRATION,0.7247474747474747,0.7183982683982684,0.06150827988733942
41,SKEWNESS_ABOUT_MAJOR,0.718023643023643,0.7173701298701298,0.06823211161117115
41,SKEWNESS_ABOUT_MINOR,0.7840986394557823,0.788365800865801,0.002157115179031832
41,KURTOSIS_ABOUT_MAJOR,0.771290650406504,0.7770021645021645,0.0149651042283101
41,KURTOSIS_ABOUT_MINOR,0.6957983193277311,0.6958333333333333,0.09045743530708306
41,HOLLOWS_RATIO,0.6510110797901496,0.6620670995670996,0.13524467484466451
42,COMPACTNESS,0.6937476928755999,0.6969155844155843,0.10577189322935199
42,CIRCULARITY,0.7524020694752402,0.7547619047619047,0.04711751662971164
42,DISTANCE_CIRCULARITY,0.7719340091433115,0.7791666666666666,0.027585576961640434
42,RADIUS_RATIO,0.6310615542154967,0.6321969696969697,0.16845803188945518
42,PR.AXIS_ASPECT_RATIO,0.720071595071595,0.7218073593073593,0.07944799103335687
42,MAX.LENGTH_ASPECT_RATIO,0.785800718472301,0.7899350649350649,0.013718867632650844
42,SCATTER_RATIO,0.7265818421433523,0.7270021645021645,0.07293774396159958
42,ELONGATEDNESS,0.7222548811544991,0.7332792207792207,0.07726470495045279
42,PR.AXIS_RECTANGULARITY,0.7328804268260856,0.726948051948052,0.06663915927886632
42,MAX.LENGTH_RECTANGULARITY,0.6577769289533996,0.6713744588744589,0.14174265715155232
42,SCALED_VARIANCE_MAJOR,0.798908523908524,0.7974025974025973,0.000611062196427925
42,SCALED_VARIANCE_MINOR,0.6961962342037114,0.7043831168831168,0.10332335190124053
42,SCALED_RADIUS_OF_GYRATION,0.7083732057416268,0.7014069264069264,0.09114638036332512
42,SKEWNESS_ABOUT_MAJOR,0.7147331982438365,0.718452380952381,0.08478638786111536
42,SKEWNESS_ABOUT_MINOR,0.753310276679842,0.7536796536796536,0.04620930942510992
42,KURTOSIS_ABOUT_MAJOR,0.8094719951862809,0.811038961038961,-0.009952409081328994
42,KURTOSIS_ABOUT_MINOR,0.7639644877435575,0.764448051948052,0.035555098361394366
42,HOLLOWS_RATIO,0.5391590389016019,0.5446428571428572,0.26036054720335
43,COMPACTNESS,0.7225108225108224,0.7348484848484849,0.1725040699516026
43,CIRCULARITY,0.80921926910299,0.8143939393939393,0.08579562335943502
43,DISTANCE_CIRCULARITY,0.8039867109634551,0.8170995670995671,0.09102818149896996
43,RADIUS_RATIO,0.6924194514711756,0.6707251082251082,0.2025954409912495
43,PR.AXIS_ASPECT_RATIO,0.8302462968051357,0.827922077922078,0.06476859565728932
43,MAX.LENGTH_ASPECT_RATIO,0.8964059196617337,0.8955627705627706,-0.0013910271993086143
43,SCATTER_RATIO,0.7445631204181136,0.7515151515151515,0.15045177204431148
43,ELONGATEDNESS,0.7148325358851675,0.7312770562770563,0.18018235657725756
43,PR.AXIS_RECTANGULARITY,0.7736356486356486,0.7735930735930736,0.12137924382677645
43,MAX.LENGTH_RECTANGULARITY,0.767998424835507,0.7791666666666666,0.1270164676269181
43,SCALED_VARIANCE_MAJOR,0.8466411171149655,0.8506493506493507,0.04837377534745957
43,SCALED_VARIANCE_MINOR,0.7233571241242366,0.7413419913419913,0.17165776833818847
43,SCALED_RADIUS_OF_GYRATION,0.7778984919887793,0.7779220779220779,0.1171164004736458
43,SKEWNESS_ABOUT_MAJOR,0.7870410504844466,0.7768939393939395,0.10797384197797844
43,SKEWNESS_ABOUT_MINOR,0.8834373227453205,0.8841991341991342,0.011577569717104552
43,KURTOSIS_ABOUT_MAJOR,0.8941438123230523,0.8955627705627706,0.0008710801393727596
43,KURTOSIS_ABOUT_MINOR,0.7843607276029795,0.7803030303030303,0.11065416485944557
43,HOLLOWS_RATIO,0.5940430622009569,0.6058982683982684,0.3009718302614681
44,COMPACTNESS,0.7365263935031376,0.75,0.10224919562696078
44,CIRCULARITY,0.7678386092371562,0.7727272727272727,0.07093697989294223
44,DISTANCE_CIRCULARITY,0.7341204726189559,0.75,0.10465511651114257
44,RADIUS_RATIO,0.6225490196078431,0.616017316017316,0.21622656952225527
44,PR.AXIS_ASPECT_RATIO,0.7737788126507639,0.7711038961038961,0.06499677647933455
44,MAX.LENGTH_ASPECT_RATIO,0.8387755891300984,0.8409090909090908,0.0
44,SCATTER_RATIO,0.7789671020803096,0.7829545454545455,0.059808487049788805
44,ELONGATEDNESS,0.7022270349787512,0.7068181818181819,0.13654855415134726
44,PR.AXIS_RECTANGULARITY,0.7770081109366824,0.770508658008658,0.06176747819341599
44,MAX.LENGTH_RECTANGULARITY,0.7477612724552749,0.7602272727272728,0.09101431667482351
44,SCALED_VARIANCE_MAJOR,0.8252977878615996,0.8295454545454545,0.013477801268498846
44,SCALED_VARIANCE_MINOR,0.7094773053345507,0.7261904761904762,0.12929828379554775
44,SCALED_RADIUS_OF_GYRATION,0.7868421052631579,0.7818181818181817,0.05193348386694052
44,SKEWNESS_ABOUT_MAJOR,0.7409645492352259,0.7319264069264069,0.0978110398948725
44,SKEWNESS_ABOUT_MINOR,0.8272357723577235,0.8295454545454545,0.011539816772374922
44,KURTOSIS_ABOUT_MAJOR,0.8613627564847077,0.8636363636363635,-0.022587167354609305
44,KURTOSIS_ABOUT_MINOR,0.7711068923693508,0.7824134199134198,0.0676686967607476
44,HOLLOWS_RATIO,0.6290915915915916,0.6297077922077923,0.20968399753850686
45,COMPACTNESS,0.7260829143096584,0.7386363636363636,0.05699959736652216
45,CIRCULARITY,0.7051937486939128,0.7159090909090908,0.07788876298226777
45,DISTANCE_CIRCULARITY,0.7382972276927738,0.7489177489177489,0.044785283983406754
45,RADIUS_RATIO,0.5808823529411764,0.5673160173160172,0.2022001587350042
45,PR.AXIS_ASPECT_RATIO,0.7229466592838686,0.7251082251082251,0.060135852392312006
45,MAX.LENGTH_ASPECT_RATIO,0.7652691511387164,0.7727272727272727,0.017813360537464185
45,SCATTER_RATIO,0.7037252221462748,0.7136363636363636,0.07935728952990584
45,ELONGATEDNESS,0.6937005523212421,0.6960497835497835,0.08938195935493853
45,PR.AXIS_RECTANGULARITY,0.7654143195301731,0.7568722943722944,0.017668192146007455
45,MAX.LENGTH_RECTANGULARITY,0.7426462269223038,0.7602272727272728,0.04043628475387684
45,SCALED_VARIANCE_MAJOR,0.7784843667196608,0.7840909090909092,0.0045981449565197785
45,SCALED_VARIANCE_MINOR,0.680926724137931,0.7034632034632035,0.10215578753824961
45,SCALED_RADIUS_OF_GYRATION,0.7539529914529914,0.7454545454545454,0.029129520223189154
45,SKEWNESS_ABOUT_MAJOR,0.6327123596363914,0.6297077922077923,0.1503701520397892
45,SKEWNESS_ABOUT_MINOR,0.7909769071094966,0.7954545454545454,-0.007894395433316048
45,KURTOSIS_ABOUT_MAJOR,0.7884615384615384,0.7954545454545454,-0.005379026785357843
45,KURTOSIS_ABOUT_MINOR,0.7313363350236055,0.7369588744588744,0.05174617665257508
45,HOLLOWS_RATIO,0.5918159571520917,0.6076298701298701,0.19126655452408892
46,COMPACTNESS,0.7790934555640439,0.7867965367965368,0.04005613406426911
46,CIRCULARITY,0.6983905326990434,0.7023268398268399,0.12075905692926958
46,DISTANCE_CIRCULARITY,0.8131778874340434,0.8225108225108225,0.005971702194269568
46,RADIUS_RATIO,0.6481595132509766,0.6317640692640693,0.17099007637733632
46,PR.AXIS_ASPECT_RATIO,0.7450900701674695,0.7390151515151515,0.07405951946084344
46,MAX.LENGTH_ASPECT_RATIO,0.8064393939393939,0.8094155844155844,0.012710195688919068
46,SCATTER_RATIO,0.7384049714836323,0.7380411255411257,0.0807446181446807
46,ELONGATEDNESS,0.748063063063063,0.7487554112554112,0.07108652656524994
46,PR.AXIS_RECTANGULARITY,0.7561256311256311,0.7503787878787879,0.06302395850268183
46,MAX.LENGTH_RECTANGULARITY,0.7672101449275361,0.7725649350649352,0.05193944470077683
46,SCALED_VARIANCE_MAJOR,0.8341506054920689,0.8326839826839827,-0.015001015863755907
46,SCALED_VARIANCE_MINOR,0.672373949579832,0.6795995670995671,0.14677564004848098
46,SCALED_RADIUS_OF_GYRATION,0.8038477490304732,0.7963744588744589,0.015301840597839789
46,SKEWNESS_ABOUT_MAJOR,0.668656936458794,0.6696428571428572,0.150492653169519
46,SKEWNESS_ABOUT_MINOR,0.8568181818181819,0.8570887445887445,-0.037668592189868955
46,KURTOSIS_ABOUT_MAJOR,0.831002331002331,0.8326839826839827,-0.011852741374018039
46,KURTOSIS_ABOUT_MINOR,0.6893408891190409,0.6903138528138528,0.12980870050927207
46,HOLLOWS_RATIO,0.6599293695973013,0.6828463203463203,0.15922022003101166
47,COMPACTNESS,0.7952147811388937,0.7987012987012987,0.0479907937739984
47,CIRCULARITY,0.6805390756610268,0.6904761904761905,0.16266649925186527
47,DISTANCE_CIRCULARITY,0.824483605373393,0.8333333333333334,0.018721969539499006
47,RADIUS_RATIO,0.6090416936005172,0.5970779220779221,0.23416388131237487
47,PR.AXIS_ASPECT_RATIO,0.8136517615176151,0.8105519480519481,0.029553813395276962
47,MAX.LENGTH_ASPECT_RATIO,0.8427328483811154,0.8452380952380952,0.00047272653177665713
47,SCATTER_RATIO,0.726981351981352,0.7380411255411254,0.11622422293154
47,ELONGATEDNESS,0.668916358814057,0.6760822510822511,0.17428921609883508
47,PR.AXIS_RECTANGULARITY,0.7904040404040403,0.7844155844155845,0.05280153450885172
47,MAX.LENGTH_RECTANGULARITY,0.8148407148407149,0.8208333333333333,0.0283648600721772
47,SCALED_VARIANCE_MAJOR,0.794194836685209,0.7976190476190476,0.04901073822768309
47,SCALED_VARIANCE_MINOR,0.7081107082326137,0.7266774891774892,0.13509486668027837
47,SCALED_RADIUS_OF_GYRATION,0.8018041978148361,0.7958333333333334,0.041401377098055914
47,SKEWNESS_ABOUT_MAJOR,0.6324786324786325,0.6210497835497836,0.2107269424342596
47,SKEWNESS_ABOUT_MINOR,0.843205574912892,0.8452380952380952,0.0
47,KURTOSIS_ABOUT_MAJOR,0.7601401841224295,0.7738095238095237,0.0830653907904626
47,KURTOSIS_ABOUT_MINOR,0.7163240910111999,0.7260822510822511,0.12688148390169218
47,HOLLOWS_RATIO,0.5876368914104763,0.6141233766233767,0.2555686835024158
48,COMPACTNESS,0.7547619047619047,0.762987012987013,0.07642580287929124
48,CIRCULARITY,0.6799645390070922,0.702922077922078,0.1512231686341038
48,DISTANCE_CIRCULARITY,0.7495212273269674,0.7737554112554113,0.08166648031422863
48,RADIUS_RATIO,0.8162437343358396,0.8099025974025974,0.01494397330535635
48,PR.AXIS_ASPECT_RATIO,0.7390928515928517,0.7407467532467533,0.09209485604834433
48,MAX.LENGTH_ASPECT_RATIO,0.818153745479327,0.8213744588744589,0.013033962161869028
48,SCATTER_RATIO,0.7818550497121926,0.7851190476190477,0.04933265792900343
48,ELONGATEDNESS,0.733579972869651,0.7362554112554112,0.09760773477154494
48,PR.AXIS_RECTANGULARITY,0.8689139585504737,0.8689935064935066,-0.037726250909277725
48,MAX.LENGTH_RECTANGULARITY,0.7894463035440479,0.7981601731601732,0.041741404097148105
48,SCALED_VARIANCE_MAJOR,0.844269431960867,0.8451839826839826,-0.013081724319671029
48,SCALED_VARIANCE_MINOR,0.6740627822944896,0.691504329004329,0.1571249253467064
48,SCALED_RADIUS_OF_GYRATION,0.7811431623931624,0.784469696969697,0.05004454524803359
48,SKEWNESS_ABOUT_MAJOR,0.7593576965669988,0.7612012987012987,0.07183001107419718
48,SKEWNESS_ABOUT_MINOR,0.8431810437624391,0.8451839826839826,-0.011993336121243092
48,KURTOSIS_ABOUT_MAJOR,0.8656188772467843,0.868452380952381,-0.03443116960558834
48,KURTOSIS_ABOUT_MINOR,0.698910154173312,0.7056277056277056,0.13227755346788395
48,HOLLOWS_RATIO,0.6472010094834058,0.6687229437229437,0.18398669815779023
49,COMPACTNESS,0.7151138716356108,0.7343073593073594,0.15278072534139264
49,CIRCULARITY,0.8321387830235151,0.837121212121212,0.03575581395348837
49,DISTANCE_CIRCULARITY,0.7764957264957265,0.7932900432900433,0.09139887048127693
49,RADIUS_RATIO,0.8575130314260748,0.8580542264752791,0.010381565550928618
49,PR.AXIS_ASPECT_RATIO,0.7807109557109557,0.7808441558441558,0.08718364126604772
49,MAX.LENGTH_ASPECT_RATIO,0.8669307046881418,0.8733766233766234,0.000963892288861623
49,SCATTER_RATIO,0.8587142326272761,0.8598484848484849,0.009180364349727355
49,ELONGATEDNESS,0.823377539029713,0.819833675096833,0.04451705794729044
49,PR.AXIS_RECTANGULARITY,0.834923567161107,0.8364092048302574,0.03297102981589639
49,MAX.LENGTH_RECTANGULARITY,0.753150406504065,0.7642686261107314,0.11474419047293849
49,SCALED_VARIANCE_MAJOR,0.8708333333333333,0.8717532467532467,-0.0029387363563299074
49,SCALED_VARIANCE_MINOR,0.8442324755989352,0.8474025974025974,0.023662121378068224
49,SCALED_RADIUS_OF_GYRATION,0.7736594400562948,0.7777967646388699,0.09423515692070861
49,SKEWNESS_ABOUT_MAJOR,0.857506503158677,0.8614718614718615,0.010388093818326394
49,SKEWNESS_ABOUT_MINOR,0.8556810772690379,0.8609307359307359,0.012213519707965581
49,KURTOSIS_ABOUT_MAJOR,0.8581780538302277,0.8609307359307359,0.009716543146775725
49,KURTOSIS_ABOUT_MINOR,0.8295012481797379,0.8365800865800865,0.038393348797265525
49,HOLLOWS_RATIO,0.7424832440066214,0.7574048758259284,0.12541135297038208
