split,repeat,fold,model,macro_f1,opel_f1,saab_f1,car_f1_mean
0,0,0,extra_trees,0.7391304347826088,0.5,0.5909090909090909,0.5454545454545454
0,0,0,original,0.8597943722943724,0.7619047619047619,0.7272727272727273,0.7445887445887446
0,0,0,wide_svm,0.8364130434782608,0.7,0.6956521739130435,0.6978260869565217
1,0,1,extra_trees,0.6926043203879895,0.46153846153846156,0.5217391304347826,0.4916387959866221
1,0,1,original,0.7856029856928317,0.5789473684210527,0.6808510638297872,0.62989921612542
1,0,1,wide_svm,0.787739746545759,0.6341463414634146,0.6818181818181818,0.6579822616407982
2,0,2,extra_trees,0.8028812974465148,0.6111111111111112,0.7391304347826086,0.6751207729468599
2,0,2,original,0.8939024390243903,0.8,0.8,0.8
2,0,2,wide_svm,0.8939024390243903,0.8,0.8,0.8
3,0,3,extra_trees,0.7200439040864572,0.4444444444444444,0.5531914893617021,0.4988179669030733
3,0,3,original,0.8211760461760462,0.6666666666666666,0.7111111111111111,0.6888888888888889
3,0,3,wide_svm,0.8569719092367176,0.7222222222222222,0.7755102040816326,0.7488662131519275
4,0,4,extra_trees,0.704970360237118,0.3333333333333333,0.5098039215686274,0.42156862745098034
4,0,4,original,0.8286848810104623,0.6818181818181818,0.6818181818181818,0.6818181818181818
4,0,4,wide_svm,0.8052455259902068,0.6808510638297872,0.6666666666666666,0.6737588652482269
5,0,5,extra_trees,0.7006646388913831,0.5416666666666666,0.3783783783783784,0.4600225225225225
5,0,5,original,0.826887649195641,0.723404255319149,0.6341463414634146,0.6787752983912818
5,0,5,wide_svm,0.8141152049818371,0.6808510638297872,0.6,0.6404255319148936
6,0,6,extra_trees,0.7563879210220674,0.5365853658536586,0.5365853658536586,0.5365853658536586
6,0,6,original,0.8799279294800012,0.7368421052631579,0.8085106382978723,0.7726763717805151
6,0,6,wide_svm,0.8927971576227389,0.8,0.8444444444444444,0.8222222222222222
7,0,7,extra_trees,0.7499048399847744,0.6122448979591837,0.4117647058823529,0.5120048019207684
7,0,7,original,0.833675382588426,0.7391304347826086,0.717948717948718,0.7285395763656632
7,0,7,wide_svm,0.833675382588426,0.7391304347826086,0.717948717948718,0.7285395763656632
8,0,8,extra_trees,0.8168929827596149,0.6111111111111112,0.6808510638297872,0.6459810874704492
8,0,8,original,0.8396464646464648,0.8181818181818182,0.7222222222222222,0.7702020202020202
8,0,8,wide_svm,0.8548089507391833,0.7906976744186046,0.7692307692307693,0.7799642218246869
9,0,9,extra_trees,0.8190656565656564,0.6818181818181818,0.6666666666666666,0.6742424242424242
9,0,9,original,0.8234355752648436,0.6818181818181818,0.6341463414634146,0.6579822616407982
9,0,9,wide_svm,0.859591508258553,0.7555555555555555,0.7317073170731707,0.7436314363143631
10,1,0,extra_trees,0.7178369056417837,0.45454545454545453,0.43902439024390244,0.4467849223946785
10,1,0,original,0.8603896103896105,0.7142857142857143,0.7272727272727273,0.7207792207792207
10,1,0,wide_svm,0.8566666666666667,0.6666666666666666,0.76,0.7133333333333334
11,1,1,extra_trees,0.7966644142073869,0.6486486486486487,0.6521739130434783,0.6504112808460635
11,1,1,original,0.8580530918945553,0.7727272727272727,0.7317073170731707,0.7522172949002217
11,1,1,wide_svm,0.8580530918945553,0.7727272727272727,0.7317073170731707,0.7522172949002217
12,1,2,extra_trees,0.7527777777777778,0.5,0.6222222222222222,0.5611111111111111
12,1,2,original,0.821188630490956,0.6666666666666666,0.7111111111111111,0.6888888888888889
12,1,2,wide_svm,0.8187325317723988,0.6111111111111112,0.7346938775510204,0.6729024943310657
13,1,3,extra_trees,0.784297711332595,0.65,0.6046511627906976,0.6273255813953489
13,1,3,original,0.8698579261540124,0.7906976744186046,0.7619047619047619,0.7763012181616833
13,1,3,wide_svm,0.8729115479115479,0.7727272727272727,0.8,0.7863636363636364
14,1,4,extra_trees,0.7409211954206898,0.5128205128205128,0.5217391304347826,0.5172798216276477
14,1,4,original,0.8249746707193515,0.6666666666666666,0.6808510638297872,0.6737588652482269
14,1,4,wide_svm,0.8734143763213531,0.7727272727272727,0.7441860465116279,0.7584566596194503
15,1,5,extra_trees,0.6940753045404209,0.4186046511627907,0.42857142857142855,0.42358803986710963
15,1,5,original,0.8400012604777211,0.6976744186046512,0.7111111111111111,0.7043927648578812
15,1,5,wide_svm,0.8129241149327233,0.5945945945945946,0.7058823529411765,0.6502384737678856
16,1,6,extra_trees,0.7684523809523809,0.55,0.5714285714285714,0.5607142857142857
16,1,6,original,0.8434430959142127,0.7555555555555555,0.7368421052631579,0.7461988304093568
16,1,6,wide_svm,0.8434430959142127,0.7555555555555555,0.7368421052631579,0.7461988304093568
17,1,7,extra_trees,0.6943681318681318,0.46153846153846156,0.47619047619047616,0.46886446886446886
17,1,7,original,0.8786549707602339,0.8,0.7368421052631579,0.7684210526315789
17,1,7,wide_svm,0.8923076923076924,0.8,0.7692307692307693,0.7846153846153847
18,1,8,extra_trees,0.7405249405249406,0.4864864864864865,0.5454545454545454,0.5159705159705159
18,1,8,original,0.7719171072829609,0.6153846153846154,0.6363636363636364,0.6258741258741258
18,1,8,wide_svm,0.7842707420203167,0.65,0.6511627906976745,0.6505813953488373
19,1,9,extra_trees,0.7509241854636591,0.625,0.5263157894736842,0.575657894736842
19,1,9,original,0.8718022769073414,0.782608695652174,0.7804878048780488,0.7815482502651114
19,1,9,wide_svm,0.9070820555444097,0.8260869565217391,0.8292682926829268,0.827677624602333
20,2,0,extra_trees,0.7602551679586562,0.5555555555555556,0.625,0.5902777777777778
20,2,0,original,0.7882571534745448,0.6,0.6521739130434783,0.6260869565217391
20,2,0,wide_svm,0.7999358574301366,0.6666666666666666,0.6818181818181818,0.6742424242424242
21,2,1,extra_trees,0.7415711165711165,0.4864864864864865,0.5909090909090909,0.5386977886977887
21,2,1,original,0.8592610121963496,0.7727272727272727,0.8095238095238095,0.7911255411255411
21,2,1,wide_svm,0.8704328617119316,0.8181818181818182,0.8372093023255814,0.8276955602536998
22,2,2,extra_trees,0.7849280800500312,0.5641025641025641,0.6222222222222222,0.5931623931623932
22,2,2,original,0.8451650652870164,0.7,0.7272727272727273,0.7136363636363636
22,2,2,wide_svm,0.8239018087855297,0.6666666666666666,0.6511627906976745,0.6589147286821706
23,2,3,extra_trees,0.7316237153993346,0.5263157894736842,0.5116279069767442,0.5189718482252141
23,2,3,original,0.8369256948383437,0.6976744186046512,0.6976744186046512,0.6976744186046512
23,2,3,wide_svm,0.8369256948383437,0.6976744186046512,0.6976744186046512,0.6976744186046512
24,2,4,extra_trees,0.7462209302325582,0.5581395348837209,0.5,0.5290697674418605
24,2,4,original,0.8617236024844721,0.782608695652174,0.7142857142857143,0.7484472049689441
24,2,4,wide_svm,0.8250265111346765,0.7391304347826086,0.6341463414634146,0.6866383881230116
25,2,5,extra_trees,0.8287493513233005,0.6808510638297872,0.6341463414634146,0.6574987026466009
25,2,5,original,0.8395833333333333,0.65,0.7083333333333334,0.6791666666666667
25,2,5,wide_svm,0.8395833333333333,0.65,0.7083333333333334,0.6791666666666667
26,2,6,extra_trees,0.7809523809523811,0.6,0.5714285714285714,0.5857142857142856
26,2,6,original,0.8808848553601816,0.7906976744186046,0.7804878048780488,0.7855927396483267
26,2,6,wide_svm,0.868932733460527,0.7804878048780488,0.7906976744186046,0.7855927396483267
27,2,7,extra_trees,0.6683150183150184,0.42857142857142855,0.358974358974359,0.39377289377289376
27,2,7,original,0.8390504423113119,0.6666666666666666,0.782608695652174,0.7246376811594203
27,2,7,wide_svm,0.8390504423113119,0.6666666666666666,0.782608695652174,0.7246376811594203
28,2,8,extra_trees,0.8022160356781939,0.631578947368421,0.7142857142857143,0.6729323308270676
28,2,8,original,0.8679909560723514,0.75,0.7441860465116279,0.747093023255814
28,2,8,wide_svm,0.8806818181818181,0.75,0.7727272727272727,0.7613636363636364
29,2,9,extra_trees,0.8024239758296966,0.5714285714285714,0.7346938775510204,0.653061224489796
29,2,9,original,0.8699898159129582,0.7727272727272727,0.7804878048780488,0.7766075388026608
29,2,9,wide_svm,0.9047008547008547,0.8095238095238095,0.8571428571428571,0.8333333333333333
30,3,0,extra_trees,0.7470745662606129,0.5,0.5581395348837209,0.5290697674418605
30,3,0,original,0.837121212121212,0.6818181818181818,0.6666666666666666,0.6742424242424242
30,3,0,wide_svm,0.837121212121212,0.6666666666666666,0.6818181818181818,0.6742424242424242
31,3,1,extra_trees,0.746658312447786,0.5263157894736842,0.5777777777777777,0.552046783625731
31,3,1,original,0.872093023255814,0.7441860465116279,0.7441860465116279,0.7441860465116279
31,3,1,wide_svm,0.8728180733994688,0.7727272727272727,0.7441860465116279,0.7584566596194503
32,3,2,extra_trees,0.6915706404078498,0.43243243243243246,0.5116279069767442,0.47203016970458833
32,3,2,original,0.809674166509107,0.6511627906976745,0.6341463414634146,0.6426545660805445
32,3,2,wide_svm,0.8109849368696689,0.6666666666666666,0.6976744186046512,0.6821705426356589
33,3,3,extra_trees,0.8001952834399644,0.6153846153846154,0.6808510638297872,0.6481178396072014
33,3,3,original,0.8125494071146244,0.6956521739130435,0.65,0.6728260869565217
33,3,3,wide_svm,0.7893058161350845,0.6666666666666666,0.6341463414634146,0.6504065040650406
34,3,4,extra_trees,0.7147237196765499,0.34285714285714286,0.5660377358490566,0.4544474393530997
34,3,4,original,0.7941819877925222,0.6190476190476191,0.6808510638297872,0.6499493414387032
34,3,4,wide_svm,0.8289201695208441,0.6666666666666666,0.723404255319149,0.6950354609929078
35,3,5,extra_trees,0.8067552231586389,0.7391304347826086,0.5789473684210527,0.6590389016018307
35,3,5,original,0.8540924812701816,0.7346938775510204,0.7317073170731707,0.7332005973120956
35,3,5,wide_svm,0.8608647305075876,0.7755102040816326,0.717948717948718,0.7467294610151753
36,3,6,extra_trees,0.7602514863771668,0.5555555555555556,0.6190476190476191,0.5873015873015873
36,3,6,original,0.8659473562820734,0.7222222222222222,0.7659574468085106,0.7440898345153664
36,3,6,wide_svm,0.915539865924975,0.8421052631578947,0.8444444444444444,0.8432748538011696
37,3,7,extra_trees,0.7805593529277739,0.5789473684210527,0.5909090909090909,0.5849282296650717
37,3,7,original,0.89296982766995,0.8095238095238095,0.8372093023255814,0.8233665559246954
37,3,7,wide_svm,0.8687865497076023,0.75,0.8,0.775
38,3,8,extra_trees,0.768932617769827,0.5641025641025641,0.6046511627906976,0.5843768634466309
38,3,8,original,0.8536091341955852,0.7027027027027027,0.782608695652174,0.7426556991774383
38,3,8,wide_svm,0.8536091341955852,0.7027027027027027,0.782608695652174,0.7426556991774383
39,3,9,extra_trees,0.7971663491232408,0.6511627906976745,0.5853658536585366,0.6182643221781055
39,3,9,original,0.8691569586020387,0.7894736842105263,0.782608695652174,0.7860411899313502
39,3,9,wide_svm,0.8933252856678835,0.8717948717948718,0.8444444444444444,0.8581196581196582
40,4,0,extra_trees,0.6855951636439441,0.3902439024390244,0.4,0.3951219512195122
40,4,0,original,0.8367793646539291,0.717948717948718,0.7755102040816326,0.7467294610151753
40,4,0,wide_svm,0.8604636591478697,0.7894736842105263,0.8,0.7947368421052632
41,4,1,extra_trees,0.6758530757350584,0.25806451612903225,0.5185185185185185,0.38829151732377537
41,4,1,original,0.7862557546348141,0.5789473684210527,0.6382978723404256,0.6086226203807391
41,4,1,wide_svm,0.8101522244379388,0.5945945945945946,0.6938775510204082,0.6442360728075014
42,4,2,extra_trees,0.7463968957871397,0.5365853658536586,0.5853658536585366,0.5609756097560976
42,4,2,original,0.7995195861049519,0.6829268292682927,0.6818181818181818,0.6823725055432373
42,4,2,wide_svm,0.7756669518550207,0.6666666666666666,0.6511627906976745,0.6589147286821706
43,4,3,extra_trees,0.7720745662606128,0.6,0.5581395348837209,0.5790697674418605
43,4,3,original,0.895014892462425,0.8095238095238095,0.8181818181818182,0.8138528138528138
43,4,3,wide_svm,0.9055074486866885,0.8636363636363636,0.8292682926829268,0.8464523281596452
44,4,4,extra_trees,0.7414174972314507,0.5116279069767442,0.5238095238095238,0.517718715393134
44,4,4,original,0.8387755891300984,0.6818181818181818,0.6976744186046512,0.6897463002114165
44,4,4,wide_svm,0.8613627564847077,0.7142857142857143,0.7555555555555555,0.734920634920635
45,4,5,extra_trees,0.7792733181452693,0.5641025641025641,0.625,0.594551282051282
45,4,5,original,0.7830825116761806,0.5365853658536586,0.5957446808510638,0.5661650233523612
45,4,5,wide_svm,0.8744161909704203,0.7317073170731707,0.7659574468085106,0.7488323819408407
46,4,6,extra_trees,0.8210430309905635,0.6818181818181818,0.65,0.6659090909090909
46,4,6,original,0.819149589628313,0.723404255319149,0.6486486486486487,0.6860264519838988
46,4,6,wide_svm,0.880517994591221,0.8181818181818182,0.8,0.8090909090909091
47,4,7,extra_trees,0.7588079117771589,0.6190476190476191,0.5365853658536586,0.5778164924506388
47,4,7,original,0.843205574912892,0.7142857142857143,0.6829268292682927,0.6986062717770035
47,4,7,wide_svm,0.8549489506522971,0.7441860465116279,0.7,0.7220930232558139
48,4,8,extra_trees,0.7421387790953008,0.48484848484848486,0.6363636363636364,0.5606060606060606
48,4,8,original,0.831187707641196,0.7142857142857143,0.75,0.7321428571428572
48,4,8,wide_svm,0.8681697863490262,0.7619047619047619,0.8292682926829268,0.7955865272938443
49,4,9,extra_trees,0.8183926929922354,0.7111111111111111,0.631578947368421,0.671345029239766
49,4,9,original,0.8678945969770034,0.7906976744186046,0.75,0.7703488372093024
49,4,9,wide_svm,0.9165024965514561,0.8571428571428571,0.8837209302325582,0.8704318936877076
