row_index,true,errors_in_five_tests,nearest_same_distance,nearest_opposite_distance,opposite_closer,opposite_among_five_nearest,nearest_opposite_row_index
2,saab,0,1.3062196746580002,1.7934813121155944,False,0,574
9,saab,2,1.2849357203448941,1.4785719006140328,False,3,666
11,saab,5,1.6406918496521259,1.6740473022174915,False,4,840
15,opel,0,1.5377822333986744,1.3655778294540282,True,2,711
18,saab,0,1.4083409246491252,1.1368057716200886,True,4,501
19,opel,0,1.2206157302689702,1.3956963870951347,False,2,480
24,saab,0,1.5248248068924146,1.268729439694794,True,2,58
26,saab,5,1.4199393857792908,0.8418688951458096,True,2,89
27,saab,0,1.1086044800740575,1.1765044043326467,False,2,379
29,saab,1,1.9080941189697433,1.9384739885132407,False,2,551
31,saab,5,1.7038862037644211,1.2699084769736642,True,2,616
32,opel,5,1.6087909240089224,1.571824124859426,True,4,419
33,opel,2,1.1816517321466822,2.020164770233469,False,1,306
34,opel,2,1.275620704581877,1.4848905349863069,False,3,324
38,saab,1,1.2376633607474758,1.2324856253712813,True,3,560
40,opel,0,0.9332604110206233,1.6629347983028842,False,1,258
43,saab,0,1.4690897286840063,1.6991304633134925,False,1,189
44,saab,0,1.8613152511847066,2.3106549875216214,False,2,639
49,saab,1,1.9202919620845607,1.6654647284574364,True,2,578
50,saab,4,1.5156827303851619,1.5436530275161364,False,2,380
51,saab,2,1.39288691209778,1.6392014266446344,False,1,189
52,opel,0,1.6347571807659471,1.226444729348964,True,3,559
56,saab,0,1.0580404000798809,1.3047556939838933,False,3,280
58,opel,5,1.8451778507607879,1.1654067162342427,True,4,454
60,opel,0,1.0064215594957284,1.1925683539771317,False,2,150
61,opel,1,1.789112088932739,1.6951959734001032,True,4,138
65,opel,5,1.6803343070127152,1.5045662128962503,True,2,662
67,opel,0,1.2308744289972475,1.55736026056309,False,0,90
70,opel,0,0.7762334575547493,1.6482711654075495,False,1,38
71,opel,0,1.380522549399906,2.0856581652243427,False,0,536
72,opel,5,1.2962611863645694,1.0211419636917451,True,4,261
73,opel,0,1.4972054061907176,1.915693510799893,False,1,260
75,opel,0,1.4437055647075765,1.5662132646603544,False,4,440
76,saab,3,1.4142439408130896,0.7436407737409759,True,2,596
77,saab,5,1.4156323009061977,2.20380408764964,False,1,380
83,opel,0,1.6764997641845825,1.2985090007234246,True,2,432
89,opel,0,1.1985071358077395,0.8418688951458096,True,4,26
90,saab,0,1.0663405865112867,1.2558345855324986,False,2,217
91,opel,5,2.1715066969716252,1.4724396882811375,True,5,520
92,saab,3,1.7220077393155044,1.4356988503600199,True,3,331
95,opel,0,1.3326460444247656,1.742400782030841,False,1,650
96,saab,1,2.0453875352011526,1.3322054401769146,True,3,364
98,opel,1,1.1816517321466822,1.9566840779258143,False,2,642
105,saab,0,1.0499301704650432,1.5353291921560885,False,0,203
106,opel,0,1.9480964229019126,1.2896909831930303,True,4,726
107,opel,1,1.4356246777581765,1.86462317249952,False,2,696
112,opel,0,1.78911208893274,2.0930086881594696,False,3,29
113,opel,3,3.084008825533962,2.428062477832425,True,4,297
116,opel,0,1.4116692203015213,1.456212555317445,False,2,743
117,saab,0,1.2329360350156233,1.76483726581395,False,0,602
120,saab,0,1.9524614071040496,2.2343795122177506,False,2,801
123,saab,5,2.646207238059061,2.4269577923371477,True,3,796
130,saab,0,1.6398761715738326,2.1153211101546385,False,0,421
131,saab,4,1.4157774234609055,1.4368030232512001,False,2,413
132,saab,0,1.4113672577198837,2.359940534993742,False,1,671
134,opel,0,1.469404117409714,1.4180127618698124,True,2,764
138,saab,0,1.865501106302642,1.6951959734001032,True,1,61
140,saab,4,1.0212711783200907,1.6847526027799598,False,1,240
142,opel,0,2.274550115771931,1.2482481917741328,True,4,506
144,opel,0,1.5177977854123863,1.7235491228911761,False,2,267
145,opel,0,1.4411377270822674,1.3528689048935445,True,3,536
148,saab,5,1.6958795203026371,1.58080874601296,True,3,516
150,saab,0,1.3601094276139563,1.1925683539771317,True,3,60
152,opel,2,1.4493282911043939,1.7630891880856907,False,3,166
153,saab,0,1.3915031797658377,1.4316484399923266,False,2,633
156,opel,3,1.950816945108126,1.513946815662723,True,4,256
158,saab,1,1.6446439521838945,1.8897478675146147,False,2,507
159,opel,1,1.114987961302449,1.3912197938044237,False,4,192
160,opel,1,1.8795108973271148,1.2903047948761026,True,3,342
161,opel,4,1.8025330672227349,1.44958349750839,True,4,797
162,saab,0,1.4232553884802377,1.492422964593023,False,3,452
163,saab,5,1.9003210376846575,1.875656273725294,True,4,742
164,opel,0,1.4015835953245546,1.254314948649744,True,2,233
165,opel,0,1.3359338286981581,1.7782980819409522,False,1,233
166,saab,0,1.0212711783200907,1.7630891880856907,False,3,152
167,saab,1,1.737842651476676,2.075227686205518,False,2,343
170,opel,5,0.9434686206742497,0.8488938851651349,True,4,778
176,opel,0,1.8714586125097925,1.8466402538686892,True,2,409
180,saab,0,1.347077402785586,1.3642287267301254,False,1,496
181,opel,0,1.5810477985849893,1.6606865982474597,False,2,378
183,saab,5,1.865501106302642,2.1682550298398864,False,2,61
184,saab,0,1.4854568018744159,1.6888293091339541,False,0,538
187,opel,5,1.3477780962050094,1.2529948950849563,True,4,571
188,opel,5,1.3424467455888316,1.128215490937935,True,2,650
189,opel,5,1.82948851927149,1.6117805794400235,True,5,543
190,opel,1,1.7956053855228737,1.9679767648003987,False,3,285
192,saab,1,1.7377740956408574,1.249272085312371,True,4,301
194,saab,0,1.215921805749855,1.3996486485867752,False,1,401
196,saab,5,1.959892839703971,1.4816033028611602,True,3,639
201,saab,5,1.1183501845333346,0.732506879161469,True,3,240
202,opel,0,2.2362839888439,1.99695383513213,True,3,582
203,opel,0,1.133593734236452,1.1539173403905498,False,3,719
206,opel,5,1.6512181561750627,1.4061431789286165,True,4,410
209,opel,0,0.9297095409082117,1.566787785633126,False,1,38
210,opel,1,1.5605684207630597,1.6374910794038424,False,3,542
214,opel,4,1.7565597670266875,1.4903687190995052,True,3,407
215,opel,5,1.60824198329789,1.7360074113083694,False,3,789
216,saab,5,1.5595750295957411,1.8746288750067435,False,3,645
217,opel,4,1.1623378282754717,1.2558345855324986,False,3,90
220,opel,0,1.2020035812003795,1.8455922354869205,False,2,843
224,saab,0,1.4073603373591204,1.365246308033011,True,2,277
226,saab,0,1.099244669362976,1.1802965073061498,False,1,639
228,saab,0,1.4827038842960427,1.0609137008800786,True,2,823
229,saab,3,1.4156323009061977,2.3531763911085584,False,0,437
231,saab,3,2.2250462874908785,2.1665570144698236,True,2,612
233,saab,4,1.390341251602169,1.254314948649744,True,4,164
238,opel,0,0.9891108105585007,1.3915603697069632,False,2,300
240,opel,3,1.275620704581877,0.732506879161469,True,3,201
241,opel,3,1.5177977854123863,1.1071508962491632,True,2,571
243,saab,5,1.0663405865112867,1.413998927858474,False,1,675
247,saab,5,1.3236207914319176,1.3545439385261613,False,2,720
248,opel,0,1.4296550267110635,1.2262746940731186,True,2,711
249,saab,1,1.6966025363338855,1.7519614858031927,False,3,591
251,opel,0,0.9387038768151429,1.4008294169087434,False,3,90
255,saab,0,1.4259197024753332,2.042708451147838,False,0,700
256,saab,4,1.6404961822636044,1.5139468156627223,True,3,156
257,opel,0,1.5257534554285492,1.630859312029985,False,3,31
258,saab,0,1.4854568018744159,1.1477470829963976,True,3,421
259,opel,0,1.229500649261785,1.8179487548658926,False,1,843
260,saab,0,1.2060329297420758,1.5219382388175393,False,2,411
261,saab,5,1.313548762846393,1.0211419636917451,True,4,72
264,saab,0,1.5145805942704798,1.5942993361165632,False,2,308
267,saab,0,1.1287189341115507,1.7235491228911761,False,2,144
271,saab,0,2.0233096828494888,1.8520988183510019,True,3,438
277,opel,4,1.821923399249896,1.365246308033011,True,3,224
278,saab,1,1.1931651341708964,1.5658306464266363,False,1,471
280,opel,0,1.7086598552810122,1.3047556939838933,True,4,56
283,saab,0,1.188873925265317,2.277154419584058,False,0,471
285,saab,5,1.8776165879367217,1.6430365556726128,True,4,555
288,opel,0,0.9332604110206233,1.6484850115736827,False,1,258
289,saab,0,1.538430805617605,2.029088741045697,False,3,634
297,saab,5,2.145617774552016,1.699535051182153,True,3,811
298,saab,0,1.7427038539102198,1.6322431987256092,True,3,424
300,saab,5,1.3118922425066806,1.1851069316182667,True,4,426
301,opel,3,1.114987961302449,1.201821764504249,False,3,837
306,saab,0,1.3915031797658377,1.7927832033180386,False,1,489
307,opel,0,0.9434686206742497,1.3441681253823148,False,3,778
308,opel,0,1.478092607349317,1.1770840753752403,True,3,689
309,opel,0,1.8981865750770048,1.844799292455341,True,4,361
310,saab,5,1.9531519404451825,1.9373620718355407,True,3,555
313,opel,2,1.4665429407011887,1.654620540389925,False,3,228
317,saab,0,2.0816340356981757,2.045337181210509,True,2,106
320,saab,0,1.3857699826844425,1.1468820058457658,True,2,763
323,saab,0,1.2219177908378256,1.108557167205889,True,2,670
324,saab,0,1.3236207914319176,1.4514191355002215,False,2,72
326,opel,0,1.7956053855228737,1.591050797457543,True,4,654
327,opel,4,1.7247706953403483,1.70503594552752,True,4,757
329,saab,3,1.215921805749855,1.2697625915942703,False,2,511
331,opel,0,1.4780926073493168,1.266990871804073,True,3,446
332,opel,0,1.380522549399906,1.7724828387548741,False,0,517
335,saab,0,1.1581730434724822,1.256769944775157,False,3,379
341,opel,4,1.9687733276301402,1.6774013062586985,True,4,651
342,saab,0,1.7225436434483556,1.2903047948761026,True,1,160
343,opel,0,1.483649775550683,1.6830628008405821,False,2,582
344,opel,0,1.2308744289972475,1.8531269054818853,False,0,719
346,saab,0,1.188873925265317,3.054114004162442,False,0,161
347,opel,0,1.711149506875702,1.778941906517575,False,3,31
349,opel,2,2.336433998888235,1.6405354131873895,True,4,636
350,opel,0,1.60718216496493,0.8583435328523374,True,2,642
351,saab,0,2.1861458874139252,1.9650011236045204,True,3,634
354,saab,1,1.7570582211499968,1.3901250250147024,True,5,438
355,opel,5,1.6433012890251866,1.4648779366265625,True,4,56
357,saab,0,1.4698016437517236,1.886856029252624,False,0,700
358,opel,0,1.6512181561750627,1.2033781886495236,True,4,806
359,opel,0,1.0064215594957284,1.250687552895251,False,1,150
360,saab,0,1.140781315345403,1.4861183063530112,False,2,718
361,saab,0,1.7511420837218774,1.844799292455341,False,2,309
362,saab,0,1.5847373815638754,1.566052881701996,True,3,206
364,opel,0,1.6803343070127152,1.3322054401769146,True,2,96
365,saab,0,1.3960627146167466,1.9381410683653089,False,0,170
367,saab,3,1.538430805617605,1.856355912699989,False,3,61
369,opel,5,1.6558619526956226,1.1809063310415904,True,3,663
376,saab,0,1.1852218825783722,1.30590521904622,False,1,700
377,saab,0,1.6966025363338855,1.5295886327410135,True,3,591
378,saab,5,1.630279060903175,1.540677879051303,True,3,380
379,opel,4,1.2892173651641397,0.908954665866008,True,5,783
380,opel,0,1.8219233992498969,1.2508906668528106,True,5,809
383,opel,1,1.281695815719516,1.446681587581483,False,1,650
384,opel,5,1.7247706953403483,1.9772606828695747,False,3,757
386,saab,0,1.0580404000798809,1.5708891832468403,False,3,355
389,opel,0,1.4731975925722554,1.4047523115302134,True,2,335
394,saab,3,1.994722600530036,0.9451766600850827,True,3,595
395,opel,5,2.1120403667772636,1.390926043895687,True,4,696
400,saab,0,1.5765022609464485,2.325037014876415,False,1,161
401,opel,2,1.7926117449809575,1.2787581092809204,True,3,329
402,opel,0,1.8224772695100036,1.3947723775623722,True,3,807
404,opel,0,1.8368519898280178,1.8771989047929405,False,2,692
406,opel,0,1.4498248163915983,1.919941341529223,False,1,651
407,saab,0,1.9714665540162655,1.4903687190995052,True,3,214
409,saab,5,1.313548762846393,1.3431668833760606,False,3,720
410,saab,2,1.9511340846522764,1.4061431789286165,True,3,206
411,opel,0,1.4798152076436486,1.5219382388175393,False,2,260
413,opel,4,1.535796251807203,1.061468471448757,True,3,522
415,opel,0,1.4987248288268498,1.847737249217651,False,1,360
419,saab,0,1.6406918496521259,1.2277052473954657,True,4,840
421,opel,0,1.8306589751685705,1.1477470829963976,True,4,258
422,saab,5,2.2467990667761963,1.3804226001127382,True,3,673
424,opel,1,1.7720294676397648,1.5587371650462356,True,3,819
425,opel,5,1.535796251807203,1.6880109173502476,False,4,522
426,opel,0,1.414196461527568,1.1851069316182667,True,4,300
427,opel,5,1.8720906090744887,1.4756464574142405,True,4,409
428,saab,0,1.4259197024753325,1.0851812377698815,True,2,527
430,saab,0,1.7098379527057328,1.376371313457,True,3,524
432,saab,0,1.0126569204161366,1.2985090007234246,False,3,83
434,saab,0,1.3306201819818142,1.383069836680373,False,3,718
437,opel,0,1.5650205282481098,1.696179702278991,False,3,662
438,opel,0,1.1117492497079235,1.3901250250147024,False,3,354
439,saab,0,1.906538405316716,1.500242941709298,True,1,106
440,saab,1,1.7639311505498985,1.5293108304251002,True,3,804
443,opel,0,1.6422743523859478,1.3261946101950082,True,4,446
446,saab,0,1.8614787259781975,1.266990871804073,True,4,331
447,opel,0,1.6592058079491498,1.3098862557031636,True,1,559
451,opel,5,1.6441690084102951,1.6856021517263011,False,3,256
452,opel,5,1.348426189287553,1.3736798105354748,False,3,513
454,saab,0,1.3601094276139563,1.0037837846130295,True,2,804
458,opel,0,0.9387038768151429,1.5129683998031205,False,2,786
459,saab,2,1.0884740723863136,1.2703410318208614,False,1,653
461,opel,0,1.8378722307351718,1.4352378863426278,True,2,692
462,opel,5,1.5985993149381332,1.3613868212537426,True,3,487
463,opel,5,2.2167622427894718,1.9624376369355974,True,4,834
467,opel,0,0.8056167181041011,1.4277430034227678,False,1,764
468,saab,0,1.1834298233992186,1.3349520776554227,False,1,426
471,opel,0,1.4403136891939878,1.1771909702516894,True,4,721
473,opel,0,1.4836497755506837,1.4280947192808138,True,4,583
474,opel,0,1.5650205282481098,1.2470234234128883,True,2,518
475,saab,5,1.4232782655842169,1.4553946989124085,False,2,188
476,opel,0,1.1317929914247051,1.8491051502053921,False,0,648
480,saab,2,1.718867488006424,1.3397205808536448,True,3,217
481,opel,0,1.2892173651641397,1.4259980237353374,False,3,536
482,opel,5,1.3477780962050094,1.1533948503547293,True,2,487
486,opel,1,1.344798454967946,1.388378844634895,False,1,786
487,saab,0,1.5522241910947383,1.1533948503547293,True,4,482
488,opel,0,1.3721394553712278,1.5577862299974155,False,3,647
489,opel,0,1.559923544794843,1.766255658688498,False,2,233
490,saab,0,1.0938770823458688,1.3344261175115788,False,2,700
491,saab,0,1.1287189341115507,1.7855760170234714,False,3,144
493,opel,0,0.9891108105585007,1.3973811359898456,False,3,648
496,opel,2,1.6694129573919243,1.050005246600842,True,5,575
499,opel,0,1.500391002500175,2.1087003493599132,False,0,648
500,opel,0,1.2020035812003795,1.6824113635419926,False,2,783
501,opel,0,0.9909562600826765,1.1368057716200886,False,2,18
502,opel,5,1.4498248163915983,1.7986917938287652,False,1,647
503,saab,0,1.1394450066384987,1.8022922933113044,False,1,474
504,opel,5,1.541473048603746,1.2654092199046192,True,3,776
505,saab,0,1.3536662704309688,2.142150680121248,False,0,473
506,saab,1,1.9510593769900326,1.2482481917741328,True,3,142
507,opel,5,1.7658822298528027,1.2358067555730177,True,2,769
509,opel,0,0.8056167181041011,1.4271867591049616,False,3,764
511,opel,4,1.9592548795221936,1.2697625915942703,True,4,329
512,opel,0,1.3359338286981581,1.6724484778875939,False,1,233
513,saab,5,2.1819219092072144,1.3736798105354742,True,4,452
515,opel,0,1.870249774705545,2.0856388507861445,False,2,260
516,opel,1,2.336433998888235,1.58080874601296,True,3,148
517,saab,0,1.1931651341708964,1.2388375559876539,False,1,471
518,saab,0,1.1394450066384987,1.2470234234128883,False,1,474
520,saab,5,1.2255909551022075,1.4724396882811377,False,2,91
522,saab,5,1.5500245478485195,1.061468471448757,True,3,413
524,opel,1,1.4411377270822667,1.376371313457,True,3,430
525,saab,2,1.4517343697997949,1.3598211240796534,True,2,187
526,saab,0,1.7661825682805847,2.263108522554326,False,0,443
527,opel,5,1.559923544794843,1.0851812377698815,True,3,428
530,saab,5,1.9328762462648237,1.3790887182898337,True,3,482
532,saab,0,1.3470882337770025,1.3819184276759993,False,3,633
536,saab,4,1.2060614624439339,1.1128839426799004,True,2,379
538,opel,0,1.541473048603746,1.1344321392372296,True,3,743
542,saab,5,1.4232553884802377,1.5984934131358126,False,3,34
543,saab,0,1.3141785987441523,1.6117805794400235,False,1,189
549,saab,0,1.2376633607474758,1.371637881036924,False,2,704
551,opel,0,1.6764997641845825,1.4919411120207802,True,3,647
552,saab,0,1.2255909551022075,1.9535940740217874,False,0,596
554,saab,0,1.9346681334599758,1.9221684559139063,True,3,309
555,opel,3,1.1117492497079235,1.5261687527084167,False,3,530
557,saab,2,1.4073603373591204,1.6516724204270035,False,2,801
559,saab,5,1.3648365375363105,1.226444729348964,True,3,52
560,opel,0,0.9909562600826765,1.2324856253712813,False,2,38
561,opel,0,1.887310634106217,1.66294715798699,True,3,841
562,saab,2,1.4231389066191196,1.4344598708145042,False,2,426
563,opel,2,1.9982043669070992,1.6875156729887277,True,2,757
565,saab,0,2.236185949067826,2.4522221442950958,False,1,760
566,saab,0,1.3992697326606145,1.614829021119465,False,1,458
567,saab,0,0.9747680607950421,1.5983111446320006,False,2,596
570,saab,0,0.7993987145054852,1.8236840491241533,False,1,730
571,saab,1,1.4090360367673247,1.1071508962491632,True,4,241
574,opel,0,1.0591646450977088,1.395938560893916,False,3,228
575,saab,0,1.1086044800740575,1.050005246600842,True,2,496
576,saab,0,1.1581730434724822,1.6987561412231527,False,0,170
577,opel,5,1.3583788446926999,1.2017205234587314,True,3,711
578,opel,1,1.711149506875702,1.6654647284574364,True,3,49
579,opel,5,2.0430358942967835,1.6431389932641747,True,4,377
582,saab,0,1.0938770823458688,1.4556073188364553,False,2,700
583,saab,0,1.068505256905812,1.3848474182091677,False,2,203
586,opel,0,1.312315488517253,1.7925708530723463,False,1,360
587,opel,0,1.6901464732227456,1.5991026663895431,True,2,647
588,opel,4,1.5770710899641849,1.3376031847109828,True,3,696
589,opel,0,1.371402430809173,1.4984998731247445,False,3,196
591,opel,0,1.2557881243341296,1.5295886327410135,False,2,377
593,saab,2,1.7038862037644211,1.6053563027805604,True,3,159
595,opel,1,1.9593863820859294,0.9451766600850827,True,3,394
596,opel,2,1.6389761508382021,0.7436407737409759,True,3,76
599,saab,5,1.718016516858528,1.9105614987420916,False,3,616
602,opel,0,1.3749217843195765,1.76483726581395,False,1,117
603,saab,2,1.8991052812060996,2.0396830632418057,False,3,240
604,opel,4,1.4456594036617272,1.3584943084134795,True,3,247
605,saab,2,1.1386682896857891,1.6460022114337631,False,2,763
608,opel,0,2.0601988827335664,1.987250492852471,True,2,844
610,opel,0,0.8663247320380183,1.2705833981877912,False,3,764
612,opel,4,1.4798152076436486,1.9805690514220358,False,4,688
614,saab,0,2.3336835599110692,2.250596800360778,True,2,411
615,opel,0,1.7133694615794348,1.7837755063639402,False,2,419
616,opel,1,1.5257534554285492,1.2699084769736642,True,3,31
619,opel,0,0.7762334575547493,1.6059791756696011,False,1,38
620,saab,0,1.5030604098351004,1.4809679329389198,True,3,217
622,saab,0,1.4113672577198841,1.775807130155125,False,2,72
623,saab,0,1.4395468114733856,2.981259031074338,False,0,730
624,saab,4,1.6446439521838945,1.8588829573431052,False,2,728
625,saab,0,1.3118922425066806,1.3101628350079388,True,2,610
630,saab,1,1.8536739160156315,1.4956183843472428,True,2,801
631,opel,0,1.6917879512160978,2.1166798839875485,False,1,549
633,opel,0,1.6337589045207332,0.9948023264593443,True,4,726
634,opel,5,1.1985071358077395,1.121470907428021,True,4,26
636,saab,0,1.7566671471236779,1.6405354131873895,True,2,349
639,opel,0,1.778656392476702,1.1802965073061498,True,4,226
640,opel,5,1.3583788446926999,1.2463091632373557,True,2,756
642,saab,4,1.7350648439038727,0.8583435328523374,True,3,350
645,opel,0,1.8182316699174166,1.6571326794918781,True,4,192
647,saab,0,1.0126569204161366,1.3676024820702188,False,2,83
648,saab,0,1.3639947401679178,1.3973811359898456,False,2,493
649,saab,0,1.5028820358269313,1.4716099750466454,True,2,401
650,saab,5,1.3179776864462942,1.128215490937935,True,2,188
651,saab,0,1.4453524852530262,1.6774013062586985,False,2,341
652,opel,0,1.4493282911043939,1.8232407616839281,False,2,140
653,opel,0,1.5432391588717005,1.116083854058206,True,4,694
654,saab,4,1.7004986067302421,1.591050797457543,True,1,326
659,saab,3,1.2219177908378256,1.5143556889009493,False,3,443
661,saab,1,1.5093942937897553,1.2588501972404216,True,4,723
662,saab,4,2.22186899284758,1.5045662128962503,True,3,65
663,saab,5,1.5715672688088036,1.1809063310415904,True,3,369
666,opel,5,1.472971998411723,0.9070445429835878,True,2,694
667,saab,0,1.40809096365409,1.6448091724383251,False,1,823
670,opel,0,1.9022836835105998,1.108557167205889,True,3,323
671,opel,1,1.8871340240291978,1.6744546240841593,True,2,162
673,opel,4,1.6087909240089224,1.3804226001127382,True,2,422
674,saab,0,1.3141785987441523,1.8148469297150918,False,1,189
675,opel,0,1.5334757835956492,1.4092517458833889,True,4,320
686,opel,3,1.574526276730564,1.8756775597955402,False,2,163
688,saab,5,1.2060329297420758,1.7561097781301314,False,2,411
689,saab,0,1.5145805942704798,1.1770840753752403,True,2,308
690,saab,0,1.0884740723863136,1.6864772036346245,False,2,210
692,saab,0,1.531853632331778,1.4352378863426278,True,3,461
694,saab,0,1.2849357203448941,0.9070445429835878,True,3,666
696,saab,5,1.4645476258282657,1.3376031847109828,True,4,588
699,opel,5,1.6558619526956226,1.404500552930088,True,3,663
700,opel,0,1.414196461527568,1.2895967376991415,True,4,300
701,saab,0,1.4013759685247769,1.7595369194054746,False,0,421
702,opel,0,1.749076049221752,1.443400445007028,True,3,837
704,opel,0,1.215816945794944,1.371637881036924,False,2,549
705,saab,0,1.2926721096957734,1.758937497252587,False,0,203
709,opel,0,1.2962611863645694,1.4230068907024978,False,2,261
711,saab,0,1.3179776864462942,1.2017205234587314,True,3,577
712,saab,0,1.5093942937897553,1.3901328728083897,True,2,723
713,saab,0,1.1834298233992186,1.4149280840128053,False,1,426
715,opel,0,1.281695815719516,1.8813892221718709,False,0,605
716,saab,0,1.1824545852138713,1.3396824215889434,False,1,653
718,opel,0,1.312315488517253,1.3830698366803724,False,3,434
719,saab,0,1.0499301704650432,1.1539173403905498,False,1,203
720,opel,5,1.4456594036617272,1.3431668833760606,True,4,409
721,saab,0,1.204897702863522,1.1771909702516894,True,2,471
723,opel,0,1.472971998411723,1.2588501972404216,True,4,661
726,saab,0,1.3470882337770025,0.9948023264593443,True,2,633
728,opel,0,1.2557881243341296,1.8588829573431052,False,2,624
729,opel,0,1.1573834098947706,1.5147907221340775,False,1,736
730,opel,0,1.86474156059368,1.682271886689262,True,2,817
735,opel,3,1.3721394553712278,1.8908503117947477,False,2,757
736,saab,5,1.48707468000803,1.2061031073419843,True,4,538
740,saab,0,1.144898990548777,1.2724453888745595,False,2,170
742,opel,5,1.574526276730564,1.875656273725294,False,3,163
743,saab,5,1.5712202524137604,1.1344321392372296,True,4,538
749,saab,5,1.6740142187741092,1.292555682622415,True,1,772
750,saab,0,1.3791239909918673,1.575682211178618,False,3,604
753,saab,0,1.1183501845333346,1.161071102135045,False,2,240
756,saab,4,1.3276741743681943,0.932796547293208,True,4,772
757,saab,1,1.6951967645658428,1.683607528296978,True,4,364
760,opel,3,1.4924802468933465,1.605042760604324,False,2,661
761,saab,0,1.702250912732518,1.9479651353945364,False,3,161
763,opel,1,1.1573834098947706,1.1468820058457658,True,4,320
764,saab,0,1.3533326136105857,1.2705833981877912,True,4,610
766,saab,0,1.716524430297771,1.7868211461730055,False,2,424
768,opel,2,1.1144372253546317,1.5530051205795965,False,2,258
769,saab,0,1.4157774234609055,1.2358067555730177,True,2,507
771,opel,0,1.7545076390288352,1.7866059519843487,False,3,743
772,opel,2,1.5780947144143023,0.932796547293208,True,3,756
776,saab,0,1.7806319716993637,1.2654092199046192,True,4,504
778,saab,0,1.144898990548777,0.8488938851651349,True,2,170
780,saab,0,1.4013759685247769,1.5552380323660067,False,2,538
782,opel,0,1.8339905089311896,1.7645841237468096,True,2,776
783,saab,1,1.2331187169167404,0.908954665866008,True,1,379
786,saab,0,1.263748437938252,1.2473400624447,True,2,639
788,saab,0,1.3884325614845983,1.626070777880886,False,1,473
789,saab,0,0.9747680607950421,1.7360074113083694,False,0,215
792,opel,0,1.8213222076387272,1.4899719092149026,True,2,434
796,opel,1,2.7511943825454317,2.4269577923371477,True,4,123
797,saab,0,1.6295664392689966,1.44958349750839,True,2,161
798,opel,0,1.2881411361548423,1.4589261412747179,False,1,583
801,opel,5,1.9495289159698046,1.4956183843472428,True,3,630
802,opel,2,1.7454910582991123,1.402262374906303,True,2,487
804,opel,1,1.2841449092126291,1.0037837846130295,True,3,454
806,saab,3,1.7529049178326976,1.2033781886495236,True,2,358
807,saab,0,1.3306201819818142,1.3947723775623722,False,3,402
809,saab,3,1.4199393857792908,1.2508906668528106,True,2,380
810,opel,0,1.4015835953245546,1.7376733056288012,False,0,18
811,opel,2,2.1724820375390697,1.5667578020798283,True,2,630
817,saab,0,0.7993987145054852,1.588439809696758,False,1,426
818,opel,0,1.8510883438220207,1.3772186023200927,True,3,819
819,saab,0,1.5470237158825038,1.3772186023200927,True,2,818
820,saab,5,1.8359885259001956,1.431358568729399,True,2,277
821,opel,0,1.344798454967946,1.6173124078466246,False,2,559
823,opel,2,1.0591646450977088,1.0609137008800786,False,3,228
824,opel,0,1.133593734236452,1.3724458406432307,False,3,335
825,opel,5,1.4356246777581765,1.716082728539884,False,3,432
826,opel,0,1.3137791604095774,1.8580751430174949,False,2,694
827,opel,0,1.1317929914247051,2.2828846347162957,False,0,38
832,saab,0,1.2850329558429971,1.9331701942710404,False,0,343
833,saab,3,1.4517343697997949,1.4240828853620369,True,3,699
834,saab,3,2.088304879944813,1.9624376369355974,True,3,463
837,saab,1,1.4090360367673247,1.201821764504249,True,4,301
840,opel,1,1.7133694615794348,1.2277052473954657,True,2,419
841,saab,0,1.5358497738350096,1.66294715798699,False,3,561
843,saab,0,1.3803958744246365,1.4548852376122339,False,1,217
844,saab,2,1.9034298290813434,1.9560119903062418,False,3,507
