split,repeat,fold,method,macro_f1,balanced_accuracy
0,0,0,original,0.8597943722943724,0.8597943722943724
0,0,0,wide_svm,0.8364130434782608,0.8359848484848484
1,0,1,original,0.7856029856928317,0.7900432900432901
1,0,1,wide_svm,0.787739746545759,0.7899891774891774
2,0,2,original,0.8939024390243903,0.895021645021645
2,0,2,wide_svm,0.8939024390243903,0.8961038961038961
3,0,3,original,0.8211760461760462,0.8252164502164503
3,0,3,wide_svm,0.8569719092367176,0.8593073593073594
4,0,4,original,0.8286848810104623,0.8284090909090909
4,0,4,wide_svm,0.8052455259902068,0.803409090909091
5,0,5,original,0.826887649195641,0.8284090909090909
5,0,5,wide_svm,0.8141152049818371,0.8181818181818181
6,0,6,original,0.8799279294800012,0.8803571428571428
6,0,6,wide_svm,0.8927971576227389,0.8928030303030303
7,0,7,original,0.833675382588426,0.8326839826839827
7,0,7,wide_svm,0.833675382588426,0.8326839826839827
8,0,8,original,0.8396464646464648,0.8451839826839826
8,0,8,wide_svm,0.8548089507391833,0.8570887445887445
9,0,9,original,0.8234355752648436,0.8262987012987013
9,0,9,wide_svm,0.859591508258553,0.8614718614718615
10,1,0,original,0.8603896103896105,0.8603896103896105
10,1,0,wide_svm,0.8566666666666667,0.8587662337662337
11,1,1,original,0.8580530918945553,0.8603354978354978
11,1,1,wide_svm,0.8580530918945553,0.8603354978354978
12,1,2,original,0.821188630490956,0.8252164502164503
12,1,2,wide_svm,0.8187325317723988,0.8241341991341992
13,1,3,original,0.8698579261540124,0.8716991341991343
13,1,3,wide_svm,0.8729115479115479,0.8694264069264069
14,1,4,original,0.8249746707193515,0.8295454545454546
14,1,4,wide_svm,0.8734143763213531,0.875
15,1,5,original,0.8400012604777211,0.8403679653679654
15,1,5,wide_svm,0.8129241149327233,0.8176406926406926
16,1,6,original,0.8434430959142127,0.8451839826839826
16,1,6,wide_svm,0.8434430959142127,0.8451839826839826
17,1,7,original,0.8786549707602339,0.8809523809523809
17,1,7,wide_svm,0.8923076923076924,0.8928571428571429
18,1,8,original,0.7719171072829609,0.7754329004329004
18,1,8,wide_svm,0.7842707420203167,0.7873376623376623
19,1,9,original,0.8718022769073414,0.8715823650034177
19,1,9,wide_svm,0.9070820555444097,0.9062143996354523
20,2,0,original,0.7882571534745448,0.7883116883116883
20,2,0,wide_svm,0.7999358574301366,0.7996212121212121
21,2,1,original,0.8592610121963496,0.8591991341991342
21,2,1,wide_svm,0.8704328617119316,0.8699675324675326
22,2,2,original,0.8451650652870164,0.8484848484848484
22,2,2,wide_svm,0.8239018087855297,0.8257575757575757
23,2,3,original,0.8369256948383437,0.8376623376623377
23,2,3,wide_svm,0.8369256948383437,0.8376623376623377
24,2,4,original,0.8617236024844721,0.8625
24,2,4,wide_svm,0.8250265111346765,0.8284090909090909
25,2,5,original,0.8395833333333333,0.8409090909090908
25,2,5,wide_svm,0.8395833333333333,0.8409090909090908
26,2,6,original,0.8808848553601816,0.8814935064935066
26,2,6,wide_svm,0.868932733460527,0.8689935064935066
27,2,7,original,0.8390504423113119,0.8457792207792207
27,2,7,wide_svm,0.8390504423113119,0.8457792207792207
28,2,8,original,0.8679909560723514,0.8690476190476191
28,2,8,wide_svm,0.8806818181818181,0.8809523809523809
29,2,9,original,0.8699898159129582,0.8728354978354979
29,2,9,wide_svm,0.9047008547008547,0.9069264069264069
30,3,0,original,0.837121212121212,0.8376623376623377
30,3,0,wide_svm,0.837121212121212,0.837121212121212
31,3,1,original,0.872093023255814,0.8722943722943723
31,3,1,wide_svm,0.8728180733994688,0.8716991341991343
32,3,2,original,0.809674166509107,0.8143939393939393
32,3,2,wide_svm,0.8109849368696689,0.812121212121212
33,3,3,original,0.8125494071146244,0.8143398268398268
33,3,3,wide_svm,0.7893058161350845,0.7899350649350649
34,3,4,original,0.7941819877925222,0.7932359307359307
34,3,4,wide_svm,0.8289201695208441,0.8278679653679655
35,3,5,original,0.8540924812701816,0.850595238095238
35,3,5,wide_svm,0.8608647305075876,0.8625
36,3,6,original,0.8659473562820734,0.8690476190476191
36,3,6,wide_svm,0.915539865924975,0.9166666666666666
37,3,7,original,0.89296982766995,0.8916666666666666
37,3,7,wide_svm,0.8687865497076023,0.8678571428571429
38,3,8,original,0.8536091341955852,0.8576839826839827
38,3,8,wide_svm,0.8536091341955852,0.8576839826839827
39,3,9,original,0.8691569586020387,0.8717532467532468
39,3,9,wide_svm,0.8933252856678835,0.8955627705627706
40,4,0,original,0.8367793646539291,0.8359848484848484
40,4,0,wide_svm,0.8604636591478697,0.8581168831168831
41,4,1,original,0.7862557546348141,0.7889069264069264
41,4,1,wide_svm,0.8101522244379388,0.8116341991341991
42,4,2,original,0.7995195861049519,0.8007575757575757
42,4,2,wide_svm,0.7756669518550207,0.7768939393939394
43,4,3,original,0.895014892462425,0.8955627705627706
43,4,3,wide_svm,0.9055074486866885,0.9080086580086579
44,4,4,original,0.8387755891300984,0.8409090909090908
44,4,4,wide_svm,0.8613627564847077,0.8636363636363635
45,4,5,original,0.7830825116761806,0.7840909090909091
45,4,5,wide_svm,0.8744161909704203,0.875
46,4,6,original,0.819149589628313,0.8213744588744589
46,4,6,wide_svm,0.880517994591221,0.8797619047619047
47,4,7,original,0.843205574912892,0.8452380952380952
47,4,7,wide_svm,0.8549489506522971,0.8571428571428571
48,4,8,original,0.831187707641196,0.8332792207792208
48,4,8,wide_svm,0.8681697863490262,0.8689935064935066
49,4,9,original,0.8678945969770034,0.8728354978354979
49,4,9,wide_svm,0.9165024965514561,0.9170369104579631
