split,repeat,fold,method,macro_f1
0,0,0,original,0.8597943722943724
0,0,0,improved,0.8247093023255814
1,0,1,original,0.7856029856928317
1,0,1,improved,0.7618067930836492
2,0,2,original,0.8939024390243903
2,0,2,improved,0.8696023270423074
3,0,3,original,0.8211760461760462
3,0,3,improved,0.817547928262214
4,0,4,original,0.8286848810104623
4,0,4,improved,0.8286848810104623
5,0,5,original,0.826887649195641
5,0,5,improved,0.8040542293720809
6,0,6,original,0.8799279294800012
6,0,6,improved,0.8582076837890792
7,0,7,original,0.833675382588426
7,0,7,improved,0.83258127008127
8,0,8,original,0.8396464646464648
8,0,8,improved,0.8411369332421964
9,0,9,original,0.8234355752648436
9,0,9,improved,0.859189455530919
10,1,0,original,0.8603896103896105
10,1,0,improved,0.8006001091107474
11,1,1,original,0.8580530918945553
11,1,1,improved,0.870095053525286
12,1,2,original,0.821188630490956
12,1,2,improved,0.7895784106454421
13,1,3,original,0.8698579261540124
13,1,3,improved,0.8227925883910001
14,1,4,original,0.8249746707193515
14,1,4,improved,0.8487998451413086
15,1,5,original,0.8400012604777211
15,1,5,improved,0.7997706900145924
16,1,6,original,0.8434430959142127
16,1,6,improved,0.8157818559796424
17,1,7,original,0.8786549707602339
17,1,7,improved,0.8800425861401471
18,1,8,original,0.7719171072829609
18,1,8,improved,0.7819705880811226
19,1,9,original,0.8718022769073414
19,1,9,improved,0.8718022769073414
20,2,0,original,0.7882571534745448
20,2,0,improved,0.8007571534745448
21,2,1,original,0.8592610121963496
21,2,1,improved,0.8359926139279514
22,2,2,original,0.8451650652870164
22,2,2,improved,0.821680216802168
23,2,3,original,0.8369256948383437
23,2,3,improved,0.801941299388832
24,2,4,original,0.8617236024844721
24,2,4,improved,0.8170454545454544
25,2,5,original,0.8395833333333333
25,2,5,improved,0.8378947368421052
26,2,6,original,0.8808848553601816
26,2,6,improved,0.8325329299804626
27,2,7,original,0.8390504423113119
27,2,7,improved,0.7933982683982683
28,2,8,original,0.8679909560723514
28,2,8,improved,0.8313630490956072
29,2,9,original,0.8699898159129582
29,2,9,improved,0.8813534522765947
30,3,0,original,0.837121212121212
30,3,0,improved,0.8130434782608695
31,3,1,original,0.872093023255814
31,3,1,improved,0.8240589198036007
32,3,2,original,0.809674166509107
32,3,2,improved,0.8088597039816552
33,3,3,original,0.8125494071146244
33,3,3,improved,0.8359189723320157
34,3,4,original,0.7941819877925222
34,3,4,improved,0.790414747413728
35,3,5,original,0.8540924812701816
35,3,5,improved,0.8764916848540543
36,3,6,original,0.8659473562820734
36,3,6,improved,0.878743802126623
37,3,7,original,0.89296982766995
37,3,7,improved,0.8813419206932058
38,3,8,original,0.8536091341955852
38,3,8,improved,0.8292260554646804
39,3,9,original,0.8691569586020387
39,3,9,improved,0.8573329448329448
40,4,0,original,0.8367793646539291
40,4,0,improved,0.7781514762516046
41,4,1,original,0.7862557546348141
41,4,1,improved,0.8090873015873017
42,4,2,original,0.7995195861049519
42,4,2,improved,0.7877906976744186
43,4,3,original,0.895014892462425
43,4,3,improved,0.8484780959256286
44,4,4,original,0.8387755891300984
44,4,4,improved,0.8494167550371157
45,4,5,original,0.7830825116761806
45,4,5,improved,0.8294573643410853
46,4,6,original,0.819149589628313
46,4,6,improved,0.8568181818181819
47,4,7,original,0.843205574912892
47,4,7,improved,0.8673054587688733
48,4,8,original,0.831187707641196
48,4,8,improved,0.8061877076411961
49,4,9,original,0.8678945969770034
49,4,9,improved,0.8678945969770034
